timestamp,symbol,probability,source
2025-09-19 05:44:42,MMM,0.862308,sp500_scan
2025-09-19 05:44:42,AOS,0.615127,sp500_scan
2025-09-19 05:44:43,ABT,0.895906,sp500_scan
2025-09-19 05:44:44,ABBV,0.494466,sp500_scan
2025-09-19 05:44:44,ACN,0.820484,sp500_scan
2025-09-19 05:44:45,ADBE,0.899926,sp500_scan
2025-09-19 05:44:46,AMD,0.926354,sp500_scan
2025-09-19 05:44:46,AES,0.925602,sp500_scan
2025-09-19 05:44:47,AFL,0.702735,sp500_scan
2025-09-19 05:44:48,A,0.876874,sp500_scan
2025-09-19 05:44:48,APD,0.705419,sp500_scan
2025-09-19 05:44:49,ABNB,0.858441,sp500_scan
2025-09-19 05:44:49,AKAM,0.91459,sp500_scan
2025-09-19 05:44:50,ALB,0.945613,sp500_scan
2025-09-19 05:44:51,ARE,0.89127,sp500_scan
2025-09-19 05:44:51,ALGN,0.926713,sp500_scan
2025-09-19 05:44:52,ALLE,0.88322,sp500_scan
2025-09-19 05:44:52,LNT,0.415948,sp500_scan
2025-09-19 05:44:53,ALL,0.900825,sp500_scan
2025-09-19 05:44:54,GOOGL,0.880034,sp500_scan
2025-09-19 05:44:54,GOOG,0.869198,sp500_scan
2025-09-19 05:44:55,MO,0.503996,sp500_scan
2025-09-19 05:44:56,AMZN,0.818,sp500_scan
2025-09-19 05:44:56,AMCR,0.667222,sp500_scan
2025-09-19 05:44:57,AEE,0.618076,sp500_scan
2025-09-19 05:44:58,AEP,0.572306,sp500_scan
2025-09-19 05:44:58,AXP,0.914946,sp500_scan
2025-09-19 05:44:59,AIG,0.853234,sp500_scan
2025-09-19 05:44:59,AMT,0.854144,sp500_scan
2025-09-19 05:45:00,AWK,0.813934,sp500_scan
2025-09-19 05:45:01,AMP,0.91492,sp500_scan
2025-09-19 05:45:01,AME,0.882415,sp500_scan
2025-09-19 05:45:02,AMGN,0.760198,sp500_scan
2025-09-19 05:45:03,APH,0.890711,sp500_scan
2025-09-19 05:45:04,ADI,0.730491,sp500_scan
2025-09-19 05:45:04,AON,0.783697,sp500_scan
2025-09-19 05:45:05,APA,0.922306,sp500_scan
2025-09-19 05:45:06,APO,0.910392,sp500_scan
2025-09-19 05:45:07,AMAT,0.879074,sp500_scan
2025-09-19 05:45:08,APTV,0.910158,sp500_scan
2025-09-19 05:45:08,ACGL,0.814179,sp500_scan
2025-09-19 05:45:09,ADM,0.876541,sp500_scan
2025-09-19 05:45:10,ANET,0.723081,sp500_scan
2025-09-19 05:45:11,AJG,0.757666,sp500_scan
2025-09-19 05:45:12,AIZ,0.786484,sp500_scan
2025-09-19 05:45:13,T,0.835232,sp500_scan
2025-09-19 05:45:13,ATO,0.853764,sp500_scan
2025-09-19 05:45:14,ADSK,0.766117,sp500_scan
2025-09-19 05:45:15,ADP,0.821269,sp500_scan
2025-09-19 05:45:16,AZO,0.812669,sp500_scan
2025-09-19 05:45:17,AVB,0.824365,sp500_scan
2025-09-19 05:45:18,AVY,0.796626,sp500_scan
2025-09-19 05:45:19,AXON,0.847791,sp500_scan
2025-09-19 05:45:20,BKR,0.795852,sp500_scan
2025-09-19 05:45:21,BALL,0.61481,sp500_scan
2025-09-19 05:45:22,BAC,0.843491,sp500_scan
2025-09-19 05:45:24,BAX,0.860685,sp500_scan
2025-09-19 05:45:25,BDX,0.812003,sp500_scan
2025-09-19 05:45:28,BBY,0.926035,sp500_scan
2025-09-19 05:45:29,TECH,0.934924,sp500_scan
2025-09-19 05:45:31,BIIB,0.881082,sp500_scan
2025-09-19 05:45:32,BLK,0.85282,sp500_scan
2025-09-19 05:45:33,BX,0.899161,sp500_scan
2025-09-19 05:45:35,XYZ,0.918382,sp500_scan
2025-09-19 05:45:36,BK,0.855543,sp500_scan
2025-09-19 05:45:38,BA,0.82252,sp500_scan
2025-09-19 05:45:39,BKNG,0.860195,sp500_scan
2025-09-19 05:45:40,BSX,0.781793,sp500_scan
2025-09-19 05:45:42,BMY,0.754353,sp500_scan
2025-09-19 05:45:43,AVGO,0.89196,sp500_scan
2025-09-19 05:45:44,BR,0.69374,sp500_scan
2025-09-19 05:45:45,BRO,0.770898,sp500_scan
2025-09-19 05:45:45,BLDR,0.927937,sp500_scan
2025-09-19 05:45:46,BG,0.925015,sp500_scan
2025-09-19 05:45:47,BXP,0.922438,sp500_scan
2025-09-19 05:45:47,CHRW,0.830299,sp500_scan
2025-09-19 05:45:48,CDNS,0.903135,sp500_scan
2025-09-19 05:45:49,CZR,0.944014,sp500_scan
2025-09-19 05:45:49,CPT,0.891987,sp500_scan
2025-09-19 05:45:50,CPB,0.93261,sp500_scan
2025-09-19 05:45:51,COF,0.873161,sp500_scan
2025-09-19 05:45:51,CAH,0.809455,sp500_scan
2025-09-19 05:45:52,KMX,0.916505,sp500_scan
2025-09-19 05:45:53,CCL,0.904137,sp500_scan
2025-09-19 05:45:53,CARR,0.865294,sp500_scan
2025-09-19 05:45:54,CAT,0.902582,sp500_scan
2025-09-19 05:45:55,CBOE,0.798379,sp500_scan
2025-09-19 05:45:56,CBRE,0.835405,sp500_scan
2025-09-19 05:45:56,CDW,0.907332,sp500_scan
2025-09-19 05:45:57,COR,0.676805,sp500_scan
2025-09-19 05:45:58,CNC,0.949517,sp500_scan
2025-09-19 05:45:58,CNP,0.882419,sp500_scan
2025-09-19 05:45:59,CF,0.855528,sp500_scan
2025-09-19 05:46:00,CRL,0.844854,sp500_scan
2025-09-19 05:46:00,SCHW,0.904675,sp500_scan
2025-09-19 05:46:01,CHTR,0.876579,sp500_scan
2025-09-19 05:46:02,CVX,0.778215,sp500_scan
2025-09-19 05:46:02,CMG,0.584994,sp500_scan
2025-09-19 05:46:03,CB,0.604172,sp500_scan
2025-09-19 05:46:03,CHD,0.845512,sp500_scan
2025-09-19 05:46:04,CI,0.805818,sp500_scan
2025-09-19 05:46:05,CINF,0.792526,sp500_scan
2025-09-19 05:46:05,CTAS,0.842564,sp500_scan
2025-09-19 05:46:06,CSCO,0.719963,sp500_scan
2025-09-19 05:46:07,C,0.829989,sp500_scan
2025-09-19 05:46:07,CFG,0.724564,sp500_scan
2025-09-19 05:46:08,CLX,0.81035,sp500_scan
2025-09-19 05:46:09,CME,0.590162,sp500_scan
2025-09-19 05:46:09,CMS,0.653441,sp500_scan
2025-09-19 05:46:10,KO,0.699948,sp500_scan
2025-09-19 05:46:11,CTSH,0.825928,sp500_scan
2025-09-19 05:46:11,COIN,0.941123,sp500_scan
2025-09-19 05:46:12,CL,0.855304,sp500_scan
2025-09-19 05:46:12,CMCSA,0.717413,sp500_scan
2025-09-19 05:46:13,CAG,0.655978,sp500_scan
2025-09-19 05:46:14,COP,0.914598,sp500_scan
2025-09-19 05:46:14,ED,0.348913,sp500_scan
2025-09-19 05:46:15,STZ,0.876596,sp500_scan
2025-09-19 05:46:16,CEG,0.932414,sp500_scan
2025-09-19 05:46:16,COO,0.94707,sp500_scan
2025-09-19 05:46:17,CPRT,0.833757,sp500_scan
2025-09-19 05:46:18,GLW,0.881321,sp500_scan
2025-09-19 05:46:18,CPAY,0.847084,sp500_scan
2025-09-19 05:46:19,CTVA,0.73264,sp500_scan
2025-09-19 05:46:20,CSGP,0.914701,sp500_scan
2025-09-19 05:46:20,COST,0.80618,sp500_scan
2025-09-19 05:46:21,CTRA,0.819908,sp500_scan
2025-09-19 05:46:23,CRWD,0.904931,sp500_scan
2025-09-19 05:46:24,CCI,0.804255,sp500_scan
2025-09-19 05:46:25,CSX,0.650362,sp500_scan
2025-09-19 05:46:26,CMI,0.902539,sp500_scan
2025-09-19 05:46:27,CVS,0.879638,sp500_scan
2025-09-19 05:46:30,DHR,0.839147,sp500_scan
2025-09-19 05:46:31,DRI,0.621441,sp500_scan
2025-09-19 05:46:31,DDOG,0.914381,sp500_scan
2025-09-19 05:46:32,DVA,0.818285,sp500_scan
2025-09-19 05:46:33,DAY,0.177406,sp500_scan
2025-09-19 05:46:33,DECK,0.918256,sp500_scan
2025-09-19 05:46:34,DE,0.903726,sp500_scan
2025-09-19 05:46:35,DELL,0.921735,sp500_scan
2025-09-19 05:46:35,DAL,0.900882,sp500_scan
2025-09-19 05:46:36,DVN,0.896044,sp500_scan
2025-09-19 05:46:36,DXCM,0.943772,sp500_scan
2025-09-19 05:46:37,FANG,0.885063,sp500_scan
2025-09-19 05:46:38,DLR,0.828472,sp500_scan
2025-09-19 05:46:39,DG,0.900584,sp500_scan
2025-09-19 05:46:40,DLTR,0.920645,sp500_scan
2025-09-19 05:46:41,D,0.661397,sp500_scan
2025-09-19 05:46:41,DPZ,0.887149,sp500_scan
2025-09-19 05:46:42,DASH,0.880663,sp500_scan
2025-09-19 05:46:42,DOV,0.847029,sp500_scan
2025-09-19 05:46:43,DOW,0.937261,sp500_scan
2025-09-19 05:46:43,DHI,0.919774,sp500_scan
2025-09-19 05:46:44,DTE,0.640288,sp500_scan
2025-09-19 05:46:45,DUK,0.683388,sp500_scan
2025-09-19 05:46:46,DD,0.911376,sp500_scan
2025-09-19 05:46:46,EMN,0.927159,sp500_scan
2025-09-19 05:46:47,ETN,0.904304,sp500_scan
2025-09-19 05:46:48,EBAY,0.86142,sp500_scan
2025-09-19 05:46:49,ECL,0.57242,sp500_scan
2025-09-19 05:46:49,EIX,0.896368,sp500_scan
2025-09-19 05:46:50,EW,0.851538,sp500_scan
2025-09-19 05:46:50,EA,0.796956,sp500_scan
2025-09-19 05:46:51,ELV,0.911529,sp500_scan
2025-09-19 05:46:52,EMR,0.878667,sp500_scan
2025-09-19 05:46:52,ENPH,0.960154,sp500_scan
2025-09-19 05:46:53,ETR,0.770015,sp500_scan
2025-09-19 05:46:54,EOG,0.910441,sp500_scan
2025-09-19 05:46:55,EPAM,0.830262,sp500_scan
2025-09-19 05:46:55,EQT,0.898997,sp500_scan
2025-09-19 05:46:56,EFX,0.929969,sp500_scan
2025-09-19 05:46:58,EQIX,0.827791,sp500_scan
2025-09-19 05:46:59,EQR,0.807315,sp500_scan
2025-09-19 05:47:00,ERIE,0.922658,sp500_scan
2025-09-19 05:47:00,ESS,0.781113,sp500_scan
2025-09-19 05:47:01,EL,0.925441,sp500_scan
2025-09-19 05:47:01,EG,0.746694,sp500_scan
2025-09-19 05:47:02,EVRG,0.457238,sp500_scan
2025-09-19 05:47:03,ES,0.741845,sp500_scan
2025-09-19 05:47:04,EXC,0.530261,sp500_scan
2025-09-19 05:47:04,EXE,0.911316,sp500_scan
2025-09-19 05:47:05,EXPE,0.903961,sp500_scan
2025-09-19 05:47:05,EXPD,0.88712,sp500_scan
2025-09-19 05:47:06,EXR,0.836591,sp500_scan
2025-09-19 05:47:07,XOM,0.864252,sp500_scan
2025-09-19 05:47:07,FFIV,0.893831,sp500_scan
2025-09-19 05:47:08,FDS,0.899908,sp500_scan
2025-09-19 05:47:09,FICO,0.784061,sp500_scan
2025-09-19 05:47:09,FAST,0.810889,sp500_scan
2025-09-19 05:47:10,FRT,0.681863,sp500_scan
2025-09-19 05:47:11,FDX,0.840167,sp500_scan
2025-09-19 05:47:11,FIS,0.853345,sp500_scan
2025-09-19 05:47:12,FITB,0.750707,sp500_scan
2025-09-19 05:47:13,FSLR,0.930542,sp500_scan
2025-09-19 05:47:14,FE,0.620529,sp500_scan
2025-09-19 05:47:14,FI,0.903056,sp500_scan
2025-09-19 05:47:15,F,0.696011,sp500_scan
2025-09-19 05:47:15,FTNT,0.830562,sp500_scan
2025-09-19 05:47:16,FTV,0.712623,sp500_scan
2025-09-19 05:47:16,FOXA,0.853016,sp500_scan
2025-09-19 05:47:17,FOX,0.887346,sp500_scan
2025-09-19 05:47:18,BEN,0.774855,sp500_scan
2025-09-19 05:47:19,FCX,0.915297,sp500_scan
2025-09-19 05:47:19,GRMN,0.782939,sp500_scan
2025-09-19 05:47:20,IT,0.82751,sp500_scan
2025-09-19 05:47:21,GE,0.806149,sp500_scan
2025-09-19 05:47:21,GEHC,0.92681,sp500_scan
2025-09-19 05:47:22,GEV,0.870668,sp500_scan
2025-09-19 05:47:23,GEN,0.613186,sp500_scan
2025-09-19 05:47:23,GNRC,0.860451,sp500_scan
2025-09-19 05:47:24,GD,0.441262,sp500_scan
2025-09-19 05:47:24,GIS,0.592406,sp500_scan
2025-09-19 05:47:25,GM,0.758104,sp500_scan
2025-09-19 05:47:26,GPC,0.849343,sp500_scan
2025-09-19 05:47:27,GILD,0.884513,sp500_scan
2025-09-19 05:47:28,GPN,0.90565,sp500_scan
2025-09-19 05:47:28,GL,0.752291,sp500_scan
2025-09-19 05:47:29,GDDY,0.870476,sp500_scan
2025-09-19 05:47:30,GS,0.804005,sp500_scan
2025-09-19 05:47:30,HAL,0.890737,sp500_scan
2025-09-19 05:47:31,HIG,0.814394,sp500_scan
2025-09-19 05:47:32,HAS,0.917504,sp500_scan
2025-09-19 05:47:33,HCA,0.919804,sp500_scan
2025-09-19 05:47:33,DOC,0.912244,sp500_scan
2025-09-19 05:47:34,HSIC,0.902908,sp500_scan
2025-09-19 05:47:35,HSY,0.76549,sp500_scan
2025-09-19 05:47:36,HPE,0.832503,sp500_scan
2025-09-19 05:47:36,HLT,0.54144,sp500_scan
2025-09-19 05:47:37,HOLX,0.72079,sp500_scan
2025-09-19 05:47:38,HD,0.880226,sp500_scan
2025-09-19 05:47:39,HON,0.770493,sp500_scan
2025-09-19 05:47:39,HRL,0.755803,sp500_scan
2025-09-19 05:47:40,HST,0.706501,sp500_scan
2025-09-19 05:47:42,HWM,0.916792,sp500_scan
2025-09-19 05:47:44,HPQ,0.883208,sp500_scan
2025-09-19 05:47:46,HUBB,0.909392,sp500_scan
2025-09-19 05:47:47,HUM,0.922929,sp500_scan
2025-09-19 05:47:48,HBAN,0.821135,sp500_scan
2025-09-19 05:47:49,HII,0.840901,sp500_scan
2025-09-19 05:47:50,IBM,0.865623,sp500_scan
2025-09-19 05:47:52,IEX,0.899929,sp500_scan
2025-09-19 05:47:54,IDXX,0.905329,sp500_scan
2025-09-19 05:47:55,ITW,0.734665,sp500_scan
2025-09-19 05:47:55,INCY,0.917795,sp500_scan
2025-09-19 05:47:56,IR,0.919296,sp500_scan
2025-09-19 05:47:56,PODD,0.893522,sp500_scan
2025-09-19 05:47:57,INTC,0.936544,sp500_scan
2025-09-19 05:47:58,IBKR,0.89581,sp500_scan
2025-09-19 05:47:58,ICE,0.774892,sp500_scan
2025-09-19 05:47:59,IFF,0.848307,sp500_scan
2025-09-19 05:48:00,IP,0.876466,sp500_scan
2025-09-19 05:48:01,IPG,0.890425,sp500_scan
2025-09-19 05:48:01,INTU,0.899709,sp500_scan
2025-09-19 05:48:02,ISRG,0.895129,sp500_scan
2025-09-19 05:48:03,IVZ,0.871546,sp500_scan
2025-09-19 05:48:03,INVH,0.736481,sp500_scan
2025-09-19 05:48:04,IQV,0.862002,sp500_scan
2025-09-19 05:48:04,IRM,0.92008,sp500_scan
2025-09-19 05:48:05,JBHT,0.899505,sp500_scan
2025-09-19 05:48:06,JBL,0.883957,sp500_scan
2025-09-19 05:48:06,JKHY,0.844094,sp500_scan
2025-09-19 05:48:07,J,0.868194,sp500_scan
2025-09-19 05:48:08,JNJ,0.834056,sp500_scan
2025-09-19 05:48:08,JCI,0.871075,sp500_scan
2025-09-19 05:48:09,JPM,0.490442,sp500_scan
2025-09-19 05:48:10,K,0.171541,sp500_scan
2025-09-19 05:48:11,KVUE,0.838624,sp500_scan
2025-09-19 05:48:11,KDP,0.706395,sp500_scan
2025-09-19 05:48:12,KEY,0.777121,sp500_scan
2025-09-19 05:48:12,KEYS,0.868758,sp500_scan
2025-09-19 05:48:13,KMB,0.858169,sp500_scan
2025-09-19 05:48:14,KIM,0.786394,sp500_scan
2025-09-19 05:48:15,KMI,0.840037,sp500_scan
2025-09-19 05:48:15,KKR,0.899577,sp500_scan
2025-09-19 05:48:16,KLAC,0.839493,sp500_scan
2025-09-19 05:48:17,KHC,0.575998,sp500_scan
2025-09-19 05:48:18,KR,0.879002,sp500_scan
2025-09-19 05:48:18,LHX,0.700537,sp500_scan
2025-09-19 05:48:19,LH,0.808301,sp500_scan
2025-09-19 05:48:20,LRCX,0.925063,sp500_scan
2025-09-19 05:48:20,LW,0.885499,sp500_scan
2025-09-19 05:48:21,LVS,0.853334,sp500_scan
2025-09-19 05:48:21,LDOS,0.817226,sp500_scan
2025-09-19 05:48:22,LEN,0.85831,sp500_scan
2025-09-19 05:48:23,LII,0.853414,sp500_scan
2025-09-19 05:48:23,LLY,0.797221,sp500_scan
2025-09-19 05:48:24,LIN,0.871633,sp500_scan
2025-09-19 05:48:24,LYV,0.900024,sp500_scan
2025-09-19 05:48:26,LKQ,0.797948,sp500_scan
2025-09-19 05:48:26,LMT,0.812109,sp500_scan
2025-09-19 05:48:27,L,0.739954,sp500_scan
2025-09-19 05:48:27,LOW,0.832532,sp500_scan
2025-09-19 05:48:28,LULU,0.916693,sp500_scan
2025-09-19 05:48:29,LYB,0.929626,sp500_scan
2025-09-19 05:48:29,MTB,0.874186,sp500_scan
2025-09-19 05:48:31,MPC,0.882881,sp500_scan
2025-09-19 05:48:31,MKTX,0.88829,sp500_scan
2025-09-19 05:48:32,MAR,0.794439,sp500_scan
2025-09-19 05:48:32,MMC,0.435927,sp500_scan
2025-09-19 05:48:33,MLM,0.901063,sp500_scan
2025-09-19 05:48:34,MAS,0.8808,sp500_scan
2025-09-19 05:48:34,MA,0.901337,sp500_scan
2025-09-19 05:48:35,MTCH,0.830882,sp500_scan
2025-09-19 05:48:35,MKC,0.890156,sp500_scan
2025-09-19 05:48:36,MCD,0.47394,sp500_scan
2025-09-19 05:48:37,MCK,0.827379,sp500_scan
2025-09-19 05:48:37,MDT,0.826991,sp500_scan
2025-09-19 05:48:38,MRK,0.848562,sp500_scan
2025-09-19 05:48:40,MET,0.88346,sp500_scan
2025-09-19 05:48:41,MTD,0.86497,sp500_scan
2025-09-19 05:48:42,MGM,0.861516,sp500_scan
2025-09-19 05:48:42,MCHP,0.927088,sp500_scan
2025-09-19 05:48:43,MU,0.942374,sp500_scan
2025-09-19 05:48:44,MAA,0.872126,sp500_scan
2025-09-19 05:48:45,MRNA,0.9551,sp500_scan
2025-09-19 05:48:45,MHK,0.897621,sp500_scan
2025-09-19 05:48:46,MOH,0.882005,sp500_scan
2025-09-19 05:48:47,TAP,0.554935,sp500_scan
2025-09-19 05:48:47,MDLZ,0.620641,sp500_scan
2025-09-19 05:48:48,MPWR,0.836842,sp500_scan
2025-09-19 05:48:48,MNST,0.756361,sp500_scan
2025-09-19 05:48:49,MCO,0.914394,sp500_scan
2025-09-19 05:48:50,MS,0.647576,sp500_scan
2025-09-19 05:48:50,MOS,0.907512,sp500_scan
2025-09-19 05:48:51,MSI,0.814408,sp500_scan
2025-09-19 05:48:52,MSCI,0.91095,sp500_scan
2025-09-19 05:48:52,NDAQ,0.854796,sp500_scan
2025-09-19 05:48:53,NTAP,0.866606,sp500_scan
2025-09-19 05:48:53,NFLX,0.771253,sp500_scan
2025-09-19 05:48:54,NEM,0.915899,sp500_scan
2025-09-19 05:48:55,NWSA,0.908276,sp500_scan
2025-09-19 05:48:58,NWS,0.809525,sp500_scan
2025-09-19 05:48:59,NEE,0.864934,sp500_scan
2025-09-19 05:48:59,NKE,0.878144,sp500_scan
2025-09-19 05:49:00,NI,0.775099,sp500_scan
2025-09-19 05:49:03,NDSN,0.869148,sp500_scan
2025-09-19 05:49:03,NSC,0.810913,sp500_scan
2025-09-19 05:49:04,NTRS,0.893876,sp500_scan
2025-09-19 05:49:05,NOC,0.892922,sp500_scan
2025-09-19 05:49:05,NCLH,0.930515,sp500_scan
2025-09-19 05:49:06,NRG,0.917262,sp500_scan
2025-09-19 05:49:07,NUE,0.880136,sp500_scan
2025-09-19 05:49:08,NVDA,0.856085,sp500_scan
2025-09-19 05:49:08,NVR,0.62778,sp500_scan
2025-09-19 05:49:09,NXPI,0.872128,sp500_scan
2025-09-19 05:49:09,ORLY,0.785296,sp500_scan
2025-09-19 05:49:10,OXY,0.913604,sp500_scan
2025-09-19 05:49:11,ODFL,0.914777,sp500_scan
2025-09-19 05:49:11,OMC,0.884023,sp500_scan
2025-09-19 05:49:12,ON,0.866678,sp500_scan
2025-09-19 05:49:13,OKE,0.826299,sp500_scan
2025-09-19 05:49:13,ORCL,0.87447,sp500_scan
2025-09-19 05:49:14,OTIS,0.829117,sp500_scan
2025-09-19 05:49:16,PCAR,0.91984,sp500_scan
2025-09-19 05:49:17,PKG,0.84036,sp500_scan
2025-09-19 05:49:18,PLTR,0.897113,sp500_scan
2025-09-19 05:49:19,PANW,0.684112,sp500_scan
2025-09-19 05:49:20,PSKY,0.959918,sp500_scan
2025-09-19 05:49:20,PH,0.704998,sp500_scan
2025-09-19 05:49:21,PAYX,0.817074,sp500_scan
2025-09-19 05:49:22,PAYC,0.840631,sp500_scan
2025-09-19 05:49:23,PYPL,0.900015,sp500_scan
2025-09-19 05:49:23,PNR,0.917505,sp500_scan
2025-09-19 05:49:24,PEP,0.802346,sp500_scan
2025-09-19 05:49:24,PFE,0.85942,sp500_scan
2025-09-19 05:49:25,PCG,0.925548,sp500_scan
2025-09-19 05:49:26,PM,0.895381,sp500_scan
2025-09-19 05:49:27,PSX,0.855224,sp500_scan
2025-09-19 05:49:27,PNW,0.492585,sp500_scan
2025-09-19 05:49:28,PNC,0.838655,sp500_scan
2025-09-19 05:49:29,POOL,0.92151,sp500_scan
2025-09-19 05:49:29,PPG,0.794445,sp500_scan
2025-09-19 05:49:30,PPL,0.662115,sp500_scan
2025-09-19 05:49:31,PFG,0.872367,sp500_scan
2025-09-19 05:49:31,PG,0.710107,sp500_scan
2025-09-19 05:49:32,PGR,0.801078,sp500_scan
2025-09-19 05:49:33,PLD,0.909611,sp500_scan
2025-09-19 05:49:33,PRU,0.907759,sp500_scan
2025-09-19 05:49:34,PEG,0.865956,sp500_scan
2025-09-19 05:49:34,PTC,0.609859,sp500_scan
2025-09-19 05:49:35,PSA,0.785044,sp500_scan
2025-09-19 05:49:36,PHM,0.911262,sp500_scan
2025-09-19 05:49:36,PWR,0.919271,sp500_scan
2025-09-19 05:49:37,QCOM,0.848472,sp500_scan
2025-09-19 05:49:38,DGX,0.866384,sp500_scan
2025-09-19 05:49:38,RL,0.89528,sp500_scan
2025-09-19 05:49:39,RJF,0.873547,sp500_scan
2025-09-19 05:49:40,RTX,0.775646,sp500_scan
2025-09-19 05:49:41,O,0.731707,sp500_scan
2025-09-19 05:49:41,REG,0.591278,sp500_scan
2025-09-19 05:49:42,REGN,0.90586,sp500_scan
2025-09-19 05:49:43,RF,0.840755,sp500_scan
2025-09-19 05:49:43,RSG,0.797967,sp500_scan
2025-09-19 05:49:44,RMD,0.756473,sp500_scan
2025-09-19 05:49:45,RVTY,0.920156,sp500_scan
2025-09-19 05:49:45,ROK,0.898117,sp500_scan
2025-09-19 05:49:46,ROL,0.581059,sp500_scan
2025-09-19 05:49:46,ROP,0.849678,sp500_scan
2025-09-19 05:49:47,ROST,0.878647,sp500_scan
2025-09-19 05:49:48,RCL,0.919267,sp500_scan
2025-09-19 05:49:48,SPGI,0.869326,sp500_scan
2025-09-19 05:49:49,CRM,0.861268,sp500_scan
2025-09-19 05:49:50,SBAC,0.835886,sp500_scan
2025-09-19 05:49:51,SLB,0.895871,sp500_scan
2025-09-19 05:49:51,STX,0.880291,sp500_scan
2025-09-19 05:49:52,SRE,0.81798,sp500_scan
2025-09-19 05:49:53,NOW,0.874117,sp500_scan
2025-09-19 05:49:53,SHW,0.908375,sp500_scan
2025-09-19 05:49:54,SPG,0.886895,sp500_scan
2025-09-19 05:49:55,SWKS,0.90885,sp500_scan
2025-09-19 05:49:56,SJM,0.887361,sp500_scan
2025-09-19 05:49:56,SW,0.915807,sp500_scan
2025-09-19 05:49:57,SNA,0.685932,sp500_scan
2025-09-19 05:49:58,SOLV,0.87506,sp500_scan
2025-09-19 05:49:58,SO,0.568633,sp500_scan
2025-09-19 05:49:59,LUV,0.909291,sp500_scan
2025-09-19 05:49:59,SWK,0.915416,sp500_scan
2025-09-19 05:50:00,SBUX,0.868675,sp500_scan
2025-09-19 05:50:01,STT,0.876915,sp500_scan
2025-09-19 05:50:01,STLD,0.922976,sp500_scan
2025-09-19 05:50:02,STE,0.767062,sp500_scan
2025-09-19 05:50:03,SYK,0.845021,sp500_scan
2025-09-19 05:50:04,SMCI,0.926528,sp500_scan
2025-09-19 05:50:04,SYF,0.899693,sp500_scan
2025-09-19 05:50:05,SNPS,0.960026,sp500_scan
2025-09-19 05:50:06,SYY,0.79569,sp500_scan
2025-09-19 05:50:07,TMUS,0.79643,sp500_scan
2025-09-19 05:50:08,TROW,0.89661,sp500_scan
2025-09-19 05:50:08,TTWO,0.755956,sp500_scan
2025-09-19 05:50:09,TPR,0.876324,sp500_scan
2025-09-19 05:50:09,TRGP,0.903949,sp500_scan
2025-09-19 05:50:10,TGT,0.812991,sp500_scan
2025-09-19 05:50:11,TEL,0.820773,sp500_scan
2025-09-19 05:50:12,TDY,0.91063,sp500_scan
2025-09-19 05:50:12,TER,0.892321,sp500_scan
2025-09-19 05:50:13,TSLA,0.930136,sp500_scan
2025-09-19 05:50:13,TXN,0.858553,sp500_scan
2025-09-19 05:50:14,TPL,0.870518,sp500_scan
2025-09-19 05:50:15,TXT,0.889708,sp500_scan
2025-09-19 05:50:16,TMO,0.921202,sp500_scan
2025-09-19 05:50:16,TJX,0.653692,sp500_scan
2025-09-19 05:50:17,TKO,0.817602,sp500_scan
2025-09-19 05:50:17,TTD,0.928642,sp500_scan
2025-09-19 05:50:18,TSCO,0.808474,sp500_scan
2025-09-19 05:50:19,TT,0.897709,sp500_scan
2025-09-19 05:50:20,TDG,0.802709,sp500_scan
2025-09-19 05:50:21,TRV,0.812429,sp500_scan
2025-09-19 05:50:22,TRMB,0.914732,sp500_scan
2025-09-19 05:50:22,TFC,0.703115,sp500_scan
2025-09-19 05:50:23,TYL,0.906332,sp500_scan
2025-09-19 05:50:23,TSN,0.758156,sp500_scan
2025-09-19 05:50:24,USB,0.736689,sp500_scan
2025-09-19 05:50:25,UBER,0.896397,sp500_scan
2025-09-19 05:50:25,UDR,0.800505,sp500_scan
2025-09-19 05:50:26,ULTA,0.811775,sp500_scan
2025-09-19 05:50:27,UNP,0.693899,sp500_scan
2025-09-19 05:50:28,UAL,0.91713,sp500_scan
2025-09-19 05:50:28,UPS,0.833212,sp500_scan
2025-09-19 05:50:29,URI,0.779885,sp500_scan
2025-09-19 05:50:32,UNH,0.862519,sp500_scan
2025-09-19 05:50:32,UHS,0.802572,sp500_scan
2025-09-19 05:50:33,VLO,0.862901,sp500_scan
2025-09-19 05:50:34,VTR,0.516378,sp500_scan
2025-09-19 05:50:35,VLTO,0.714104,sp500_scan
2025-09-19 05:50:35,VRSN,0.719274,sp500_scan
2025-09-19 05:50:36,VRSK,0.69532,sp500_scan
2025-09-19 05:50:37,VZ,0.796247,sp500_scan
2025-09-19 05:50:37,VRTX,0.883998,sp500_scan
2025-09-19 05:50:38,VTRS,0.910161,sp500_scan
2025-09-19 05:50:39,VICI,0.212597,sp500_scan
2025-09-19 05:50:39,V,0.688492,sp500_scan
2025-09-19 05:50:40,VST,0.94039,sp500_scan
2025-09-19 05:50:41,VMC,0.640229,sp500_scan
2025-09-19 05:50:42,WRB,0.830083,sp500_scan
2025-09-19 05:50:43,GWW,0.872664,sp500_scan
2025-09-19 05:50:43,WAB,0.860492,sp500_scan
2025-09-19 05:50:44,WMT,0.823069,sp500_scan
2025-09-19 05:50:45,DIS,0.861724,sp500_scan
2025-09-19 05:50:45,WBD,0.969951,sp500_scan
2025-09-19 05:50:46,WM,0.57955,sp500_scan
2025-09-19 05:50:46,WAT,0.925049,sp500_scan
2025-09-19 05:50:47,WEC,0.743141,sp500_scan
2025-09-19 05:50:48,WFC,0.882656,sp500_scan
2025-09-19 05:50:48,WELL,0.674358,sp500_scan
2025-09-19 05:50:49,WST,0.765484,sp500_scan
2025-09-19 05:50:50,WDC,0.894975,sp500_scan
2025-09-19 05:50:50,WY,0.769599,sp500_scan
2025-09-19 05:50:51,WSM,0.892661,sp500_scan
2025-09-19 05:50:52,WMB,0.644752,sp500_scan
2025-09-19 05:50:52,WTW,0.6779,sp500_scan
2025-09-19 05:50:53,WDAY,0.688027,sp500_scan
2025-09-19 05:50:53,WYNN,0.919027,sp500_scan
2025-09-19 05:50:54,XEL,0.719147,sp500_scan
2025-09-19 05:50:55,XYL,0.876983,sp500_scan
2025-09-19 05:50:56,YUM,0.883703,sp500_scan
2025-09-19 05:50:56,ZBRA,0.872135,sp500_scan
2025-09-19 05:50:57,ZBH,0.909829,sp500_scan
2025-09-19 05:50:58,ZTS,0.879745,sp500_scan
2025-09-19 06:02:50,AAPL,0.770193,next_day
2025-09-19 06:04:00,META,0.864189,next_day
2025-09-19 06:04:18,MSFT,0.84367,next_day
