symbol,name,sector,price,market_cap,combined_score,consistency,prob_5pct,prob_10pct,missing_features
BSX,Boston Scientific Corporation,Healthcare,74.58,110603616256,0.8902730486888499,0.9730884789015244,0.912699316270913,0.8588762740739619,9
GEN,Gen Digital Inc.,Technology,22.35,13783605248,0.853985600461729,0.9820449758539093,0.8390230803399867,0.8749331286321682,9
INVH,Invitation Homes Inc.,Real Estate,25.3,15509421056,0.8247457123224675,0.909424665475947,0.9002251577591783,0.7190744887110723,9
CPB,The Campbell's Company,Consumer Defensive,26.83,7998941696,0.7820616978519097,0.93776814552913,0.7302018191261846,0.8546655280679247,9
KDP,Keurig Dr Pepper Inc.,Consumer Defensive,29.54,40132546560,0.7364852476494557,0.8669021496792834,0.8474001229167195,0.5812044222752862,9
VLTO,Veralto Corp,Industrials,93.08,23111518208,0.7146212141462083,0.9456242508214193,0.6693080898307244,0.7780595881878858,9
WY,Weyerhaeuser Company,Real Estate,25.28,18223366144,0.7110348922616859,0.9950771507369397,0.7151372666475694,0.7052915681214488,9
F,Ford Motor Company,Consumer Cyclical,14.01,55892549632,0.7095422533506422,0.8297405606305652,0.5676593872094465,0.908178265948316,9
NWS,News Corporation,Communication Services,26.55,14716454912,0.6908700608744128,0.8807435390020122,0.591489676709423,0.8300025987053987,9
KEY,KeyCorp,Financial Services,22.2,24473303040,0.6617320801755759,0.8544366802107879,0.5404293136845658,0.8315559532629901,9
CPRT,"Copart, Inc.",Industrials,36.48,35313283072,0.6600223090382659,0.9707271556761334,0.6356282721017104,0.6941739607494435,9
GIS,"General Mills, Inc.",Consumer Defensive,44.62,23808432128,0.6552095142851174,0.8804026843911696,0.5555450846110921,0.7947397158287529,9
INTC,Intel Corporation,Technology,44.11,220337324032,0.6301987213209764,0.9512159588896473,0.670852088912937,0.5732840066922316,9
HPE,Hewlett Packard Enterprise Comp,Technology,21.37,28518973440,0.6263311953236517,0.7928337535177509,0.4536926565884441,0.8680251495529423,9
BAC,Bank of America Corporation,Financial Services,53.06,387470426112,0.6177977962740734,0.801000954746591,0.7836303339852475,0.38563224347842967,9
PSKY,Paramount Skydance Corporation,Communication Services,10.71,11814920192,0.6083191969353979,0.952268097348556,0.648095782478268,0.5526319771753799,9
TJX,"TJX Companies, Inc. (The)",Consumer Cyclical,158.23,176100294656,0.6027504342663648,0.9670455448232591,0.5752883882857474,0.6411972986392291,9
LVS,Las Vegas Sands Corp.,Consumer Cyclical,58.01,39222558720,0.5802832172197483,0.6628502740535333,0.8612413221751373,0.18694187028220377,9
TTD,"The Trade Desk, Inc.",Communication Services,25.1,12272466944,0.5729231289288516,0.9602349587369627,0.606060663314716,0.5265305807886415,9
FOXA,Fox Corporation,Communication Services,57.02,24256083968,0.5724244531387421,0.7257458466523539,0.8009695809284473,0.25246127423315484,9
TAP,Molson Coors Beverage Company,Consumer Defensive,49.86,9860105216,0.5612947966497416,0.8538036980971909,0.6831250482354158,0.3907324444297976,9
TFC,Truist Financial Corporation,Financial Services,52.32,66930167808,0.5503134720557894,0.7315923028574509,0.7739865530079136,0.23717115872281558,9
CCL,Carnival Corporation,Consumer Cyclical,31.99,44220321792,0.5498578336508446,0.8299656111019655,0.69155315773254,0.351484379936471,9
PRU,"Prudential Financial, Inc.",Financial Services,103.44,35997122560,0.5480756132720083,0.946333811237061,0.5033537893028924,0.6106861668287705,9
IP,International Paper Company,Consumer Cyclical,46.87,24749154304,0.5319470134717449,0.7475094060506529,0.7423558417628675,0.23737465386417328,9
SOLV,Solventum Corporation,Healthcare,72.94,12651265024,0.5158209102430524,0.7461474394528519,0.3042771097870957,0.8119822308813919,9
HST,"Host Hotels & Resorts, Inc.",Real Estate,20.4,14210159616,0.5153296019945779,0.9286000378323099,0.5748295704676529,0.4320296461322728,9
SLB,SLB Limited,Energy,50.85,76037603328,0.5083002680963343,0.6430513063451891,0.8057575128086767,0.09186012549905502,9
XYZ,"Block, Inc.",Technology,53.22,32442060800,0.5023185496558201,0.8036294687407117,0.6659606590385604,0.2732195965199838,9
HBAN,Huntington Bancshares Incorpora,Financial Services,18.01,36556562432,0.4965988049887657,0.824070229888055,0.34999066322881156,0.7018502034527015,9
MDT,Medtronic plc.,Healthcare,96.86,124234194944,0.49162911399846354,0.8220559521300068,0.3433424074401359,0.6992305031801224,9
SW,Smurfit WestRock plc,Consumer Cyclical,48.74,25461805056,0.48763241728395995,0.9843242925696574,0.5006955068092455,0.4693440919485603,9
AIG,"American International Group, I",Financial Services,80.44,43403501568,0.4873606410220277,0.9484864454862101,0.5302886031168527,0.42726149408927294,9
MDLZ,"Mondelez International, Inc.",Consumer Defensive,58.8,75873083392,0.4855958544701866,0.9812062337969869,0.5012573263060308,0.4636697939000046,9
IFF,International Flavors & Fragran,Basic Materials,81.39,20859205632,0.47356290169778475,0.8281330000619889,0.6167854016461274,0.2730514017701052,9
HSIC,"Henry Schein, Inc.",Healthcare,79.57,9649326080,0.4719382401087985,0.8922946870504465,0.3821838126508372,0.5975944385499442,9
BEN,"Franklin Resources, Inc.",Financial Services,27.67,14426880000,0.4672404549601276,0.9127403157519074,0.5399568585002047,0.3654374900040196,9
AMCR,Amcor plc,Consumer Cyclical,50.49,23328688128,0.462783008569506,0.7130563990537435,0.7019026760247197,0.12801547413220682,9
BBY,"Best Buy Co., Inc.",Consumer Cyclical,64.48,13547330560,0.46248876520353016,0.8959790245770344,0.3758046190177254,0.5838465698636567,9
CAG,"ConAgra Brands, Inc.",Consumer Defensive,18.47,8835483648,0.46023471963206497,0.7384627261646513,0.24228699143594104,0.7653615391066385,9
PFE,"Pfizer, Inc.",Healthcare,26.65,151524114432,0.45011571028631425,0.9259369881525878,0.3883965337468041,0.5365225574416284,9
WBD,"Warner Bros. Discovery, Inc. - ",Communication Services,28.75,71285243904,0.44800824344029655,0.7820993002588694,0.6295921598912387,0.19379076040897766,9
DOW,Dow Inc.,Basic Materials,30.52,21899141120,0.4249579208340862,0.8805970377616814,0.325455452302154,0.5642613767787913,9
FOX,Fox Corporation,Communication Services,52.25,24393117696,0.4156821231393577,0.7259899416931171,0.6440238383950935,0.09600372178132771,9
DOC,"Healthpeak Properties, Inc.",Real Estate,16.99,11808796672,0.4154112534794261,0.6778471591392903,0.14695055276216795,0.7912562344835875,9
ARE,Alexandria Real Estate Equities,Real Estate,53.65,9297564672,0.410234069784328,0.9997863472312645,0.41005602581038175,0.41048333134785275,9
CVS,CVS Health Corporation,Healthcare,76.69,97565868032,0.39649282678530456,0.7625612400805459,0.1986271935190928,0.6735047133580009,9
DD,"DuPont de Nemours, Inc.",Basic Materials,50.41,21120546816,0.3934720064854628,0.7534980520286767,0.5988902964615656,0.10588640051891893,9
SYF,Synchrony Financial,Financial Services,73.37,26425755648,0.379205567925101,0.9074978146314888,0.45629072239886026,0.27128635166183795,9
AFL,AFLAC Incorporated,Financial Services,114.03,59764711424,0.3699669323200961,0.7641895645991453,0.17345823615271724,0.6450791069544265,9
CDW,CDW Corporation,Technology,124.64,16335411200,0.3666539180578533,0.9778293232286009,0.38512948203401914,0.3407881284912211,9
DXCM,"DexCom, Inc.",Healthcare,73.08,28502388736,0.36556193560573436,0.9206051492374867,0.2993995599703066,0.4581892614953333,9
CMCSA,Comcast Corporation,Communication Services,31.34,114199658496,0.3641381759115831,0.8533409509911971,0.48635405008558547,0.19303595206797972,9
KO,Coca-Cola Company (The),Consumer Defensive,79.84,343440457728,0.354289178245821,0.9536291685087723,0.31564681866979794,0.40838848165225333,9
EVRG,"Evergy, Inc.",Utilities,80.26,18476988416,0.3535608312025971,0.9516070909650876,0.3938882553983575,0.29710243732853264,9
CL,Colgate-Palmolive Company,Consumer Defensive,95.09,76853714944,0.3516863002226634,0.9481286913717475,0.3949123907462071,0.2911697734897022,9
TECH,Bio-Techne Corp,Healthcare,57.52,8999193600,0.35165552167832037,0.9475866325541317,0.39533332788321063,0.2905065929914739,9
FITB,Fifth Third Bancorp,Financial Services,53.62,48260595712,0.3503012431137536,0.7462383627489578,0.5617692741562887,0.05424599965420444,9
WFC,Wells Fargo & Company,Financial Services,88.7,278436773888,0.3471968021009133,0.9246456374629803,0.2844014999867302,0.4351102250607696,9
CMG,"Chipotle Mexican Grill, Inc.",Consumer Cyclical,37.54,49638318080,0.3459027502543582,0.8792766886134232,0.2452999907655442,0.4867466135386978,9
BRO,"Brown & Brown, Inc.",Financial Services,69.59,23759472640,0.33799089171664226,0.8734095199866863,0.23249882503888084,0.4856797850655083,9
LW,"Lamb Weston Holdings, Inc.",Consumer Defensive,48.27,6726544384,0.33217036668877215,0.9199417541768999,0.3988855715413555,0.2387690798951555,9
AOS,A.O. Smith Corporation,Industrials,77.81,10760338432,0.32469828110948223,0.8787470681873272,0.2236541712655882,0.46616003489093377,9
SWKS,"Skyworks Solutions, Inc.",Technology,60.05,9029935104,0.31862092693944094,0.8540352652001953,0.44025820593927817,0.14832873633966884,9
NFLX,"Netflix, Inc.",Communication Services,78.67,333709443072,0.31785807701658825,0.9438789794052731,0.2710905598543158,0.3833326010437697,9
PCAR,PACCAR Inc.,Industrials,128.46,67492888576,0.3154582743896939,0.8180946275232227,0.16387046399237953,0.5276812089459341,9
MGM,MGM Resorts International,Consumer Cyclical,36.79,10062302208,0.31334965981704405,0.9373453102992046,0.36556190123437354,0.24025252183278284,9
VTR,"Ventas, Inc.",Real Estate,85.94,40818511872,0.3101436245535293,0.9373175304123413,0.36237901587657817,0.23701407670126082,9
DAL,"Delta Air Lines, Inc.",Industrials,69.44,45353398272,0.30928282988748096,0.8786442513886921,0.4104126203969043,0.1677011231742883,9
CFG,"Citizens Financial Group, Inc.",Financial Services,65.29,28041154560,0.3054845564091912,0.9460800229729432,0.26055124221997716,0.3683911962740907,9
RJF,"Raymond James Financial, Inc.",Financial Services,158.26,31251585024,0.29010807846561115,0.7498878501910997,0.08168128695819421,0.5819055865759948,9
CARR,Carrier Global Corporation,Industrials,64.14,53611028480,0.28741026354815363,0.9795726775170055,0.30443303228398233,0.26357838731799343,9
MKC,"McCormick & Company, Incorporat",Consumer Defensive,68.5,18388019200,0.28173975796616924,0.993163833716615,0.27604295273001506,0.28971528529678514,9
TSCO,Tractor Supply Company,Consumer Cyclical,52.96,27984252928,0.27708223048611763,0.8676961604961654,0.16682903089958875,0.4314367099072581,9
CF,"CF Industries Holdings, Inc.",Basic Materials,97.18,15740532736,0.2728800212756756,0.7662347836731731,0.467684368214698,0.00015393556104422218,9
HIG,"The Hartford Insurance Group, I",Financial Services,142.19,39656833024,0.2705030270203012,0.8063398795593875,0.10911959331979083,0.4964398342010158,9
GPN,Global Payments Inc.,Industrials,82.47,23092568064,0.2680545569583603,0.998770196531722,0.2670297207347953,0.26948932767135125,9
KKR,KKR & Co. Inc.,Financial Services,101.18,93694746624,0.2645550699864451,0.9333153560518808,0.32012560660987777,0.18675631871363932,9
PAYX,"Paychex, Inc.",Technology,91.24,32752189440,0.2622170880624441,0.9928214777800309,0.26819918991241826,0.25384214547248013,9
MS,Morgan Stanley,Financial Services,175.41,278780739584,0.26139768095725097,0.8303654595350827,0.1200355639031532,0.45930464483298783,9
KEYS,Keysight Technologies Inc.,Technology,243.54,41844338688,0.25533033743939815,0.8023860222883339,0.4200086521991199,0.024780696775787654,9
KR,Kroger Company (The),Consumer Defensive,66.36,43975327744,0.2533452814370709,0.8578305578373969,0.1348707463015683,0.4192096306267745,9
WRB,W.R. Berkley Corporation,Financial Services,71.08,27011905536,0.24629177363167554,0.9012200123209125,0.163975117232436,0.36153509259061095,9
ABT,Abbott Laboratories,Healthcare,112.21,195296903168,0.24335993744044665,0.9759549695403075,0.2233224120573695,0.27141247297675464,9
PFG,Principal Financial Group Inc,Financial Services,95.76,21037883392,0.24122289951911505,0.8829814441505025,0.14370743631120045,0.37774454801019547,9
KIM,Kimco Realty Corporation (HC),Real Estate,23.17,15690586112,0.24089329244892202,0.9678399280647535,0.21409323250288326,0.27841337637337626,9
SWK,"Stanley Black & Decker, Inc.",Industrials,91.96,14243220480,0.2407926000820405,0.9251857229064043,0.3031378309933702,0.15350927680617882,9
RF,Regions Financial Corporation,Financial Services,30.06,26358906880,0.2364332414161621,0.9667303009769994,0.26415799060199585,0.19761859255599476,9
CTSH,Cognizant Technology Solutions ,Technology,65.03,31386499072,0.23505737614587197,0.8124865352167605,0.3913185967985715,0.016291667232092612,9
QCOM,QUALCOMM Incorporated,Technology,142.88,152602296320,0.2332773529535046,0.8251482163108075,0.0875675332125108,0.4372711005908959,9
AVB,"AvalonBay Communities, Inc.",Real Estate,177.4,25118941184,0.226912141516334,0.7715980398213645,0.03657717470080444,0.49338109505807537,9
NCLH,Norwegian Cruise Line Holdings ,Consumer Cyclical,24.31,11067310080,0.22367253817015512,0.9076656068357088,0.14672721053324578,0.33139599686182813,9
FISV,"Fiserv, Inc.",Unknown,61.47,33414672384,0.22005099200492845,0.9198682051972702,0.28682748767387,0.12656389806841029,9
USB,U.S. Bancorp,Financial Services,58.66,91216306176,0.21998750047922924,0.8729898877948199,0.3258292606502126,0.0718090362398525,9
BX,Blackstone Inc.,Financial Services,121.27,149118271488,0.21674750203844653,0.8443512558795668,0.34645478880547415,0.03515730056460785,9
AMT,American Tower Corporation (REI,Real Estate,187.31,87708139520,0.21647623408288205,0.7554125639138809,0.012653370677782758,0.501828242850021,9
VLO,Valero Energy Corporation,Energy,200.76,62366441472,0.21462937787612205,0.9335507179612811,0.2700037795750545,0.13710521549761667,9
OXY,Occidental Petroleum Corporatio,Energy,51.84,51073310720,0.211168310876081,0.8192213355079021,0.3618171979528292,0.00025986896863348116,9
LYB,LyondellBasell Industries NV,Basic Materials,56.67,18240540672,0.21058741458234342,0.9477617306915865,0.2541193056726879,0.14964276705586108,9
APO,"Apollo Global Management, Inc. ",Financial Services,119.72,69488189440,0.2073149298393058,0.8267361566485578,0.35170146596550766,0.005173779262623229,9
FTV,Fortive Corporation,Technology,58.28,18510405632,0.20710766476110584,0.8922692124764954,0.29688332103069304,0.08142174598368371,9
LUV,Southwest Airlines Company,Industrials,52.09,26938607616,0.20582626231918916,0.8467575430509562,0.33352830977672565,0.027043395878638098,9
GM,General Motors Company,Consumer Cyclical,81.51,76037529600,0.20288481271395692,0.9123545696777291,0.27592267131584935,0.10063181067130747,9
KMB,Kimberly-Clark Corporation,Consumer Defensive,109.02,36186173440,0.2017937635282989,0.9355718346645578,0.14810362574876382,0.27695995641964805,9
MRK,"Merck & Company, Inc.",Healthcare,122.26,305378983936,0.2012291518863053,0.8348261871070336,0.33887399596377726,0.008526370177844496,9
STT,State Street Corporation,Financial Services,127.94,35735236608,0.1944706283067877,0.8333252719437205,0.05557502159322144,0.3889244777057805,9
MET,"MetLife, Inc.",Financial Services,79.1,52118327296,0.18584672341105496,0.9521416522457965,0.22572867987289116,0.13001198436448425,9
NDAQ,"Nasdaq, Inc.",Financial Services,81.87,46747398144,0.17614540301606352,0.9724137676984941,0.1991339299339851,0.14396146533097331,9
ICE,Intercontinental Exchange Inc.,Financial Services,154.01,87813193728,0.16897764990455658,0.8974615214520522,0.2544263820278465,0.049349424931950735,9
IVZ,Invesco Ltd,Financial Services,26.47,11781608448,0.1660012755339282,0.8736397838575786,0.06070109541524366,0.3134215277000866,9
OMC,Omnicom Group Inc.,Communication Services,83.26,26421661696,0.16599686687827725,0.8578806992276014,0.28442961752194273,0.00019101597714556978,9
MNST,Monster Beverage Corporation,Consumer Defensive,83.76,81835294720,0.16370709615549217,0.9543055976856013,0.20178576475082438,0.11039696012202704,9
BDX,"Becton, Dickinson and Company",Healthcare,185.39,67165888512,0.161364521857901,0.9649323914744627,0.1905875289625154,0.12045231191144093,9
TRGP,"Targa Resources, Inc.",Energy,231.35,49784635392,0.16124233940696783,0.9340965454516775,0.21616188486390328,0.08435497576725826,9
AME,"AMETEK, Inc.",Industrials,233.51,53930057728,0.15808423746055747,0.8917908830125524,0.06790997330435108,0.2843282072792464,9
HAS,"Hasbro, Inc.",Consumer Cyclical,101.46,14238594048,0.1580639454958718,0.903916895786595,0.23813319900704263,0.04596699058023263,9
EPAM,"EPAM Systems, Inc.",Technology,138.85,7733516800,0.1570991042846982,0.8658427300111996,0.26889682927536523,0.0005822892977643589,9
EA,Electronic Arts Inc.,Communication Services,200.4,50150842368,0.15664261834352208,0.8838868850461994,0.25340354747168925,0.0211773175640881,9
VRSK,"Verisk Analytics, Inc.",Industrials,182.5,25497982976,0.15568394943465738,0.8788041057246676,0.2566805279974344,0.014288739446769548,9
INCY,Incyte Corporation,Healthcare,101.32,20164147200,0.1555831307778445,0.9280284965463311,0.09560687789978707,0.2395498848071249,9
PGR,Progressive Corporation (The),Financial Services,204.08,119631699968,0.15331957346441236,0.8507927636719212,0.028980209857680073,0.3273946825138375,9
ADP,"Automatic Data Processing, Inc.",Technology,214.47,86742122496,0.15239575891630566,0.989937435753669,0.14401028871102986,0.1641354172036918,9
A,"Agilent Technologies, Inc.",Healthcare,122.9,34842013696,0.14881391472919592,0.9186809219100514,0.08104801632090532,0.2436861725008027,9
IEX,IDEX Corporation,Industrials,207.48,15620605952,0.1484341761177409,0.8355268803681388,0.011373243091189872,0.34031948235491233,9
ARES,Ares Management Corporation,Financial Services,123.16,40350248960,0.1450212954031192,0.8758206697291868,0.24850407062879684,0.00014541008717043185,9
SMCI,"Super Micro Computer, Inc.",Technology,32.42,19419236352,0.1397917117689408,0.8804425052492493,0.23942295739456637,0.0003079678930650125,9
SCHW,Charles Schwab Corporation (The,Financial Services,94.03,170685071360,0.13767103594251215,0.9311735473749221,0.08031565875494721,0.21796856400510303,9
BR,"Broadridge Financial Solutions,",Technology,177.02,20666857472,0.13346146916600146,0.908832993613834,0.057488963844196404,0.23982297661652857,9
TROW,"T. Rowe Price Group, Inc.",Financial Services,95.38,20815443968,0.133060313598599,0.8676268200040678,0.022749330268655426,0.28749569026051996,9
BAX,Baxter International Inc.,Healthcare,21.58,11102695424,0.13278584190369894,0.896019295487435,0.04613525480989474,0.25409666383502477,9
EXPE,"Expedia Group, Inc.",Consumer Cyclical,203.48,24933394432,0.13126299058984328,0.8876296404704935,0.22490495686443196,0.00016423780541910442,9
TXT,Textron Inc.,Industrials,100.77,17550348288,0.12872278819585603,0.9750245401318305,0.14953567141933063,0.09958475168299154,9
XOM,Exxon Mobil Corporation,Energy,147.28,621104136192,0.1279681279493179,0.8961411188667624,0.2145171955603492,0.00679943329387403,9
MAS,Masco Corporation,Industrials,75.15,15301072896,0.12574544164666202,0.997526979328124,0.12780629220655873,0.12286025086280665,9
BALL,Ball Corporation,Consumer Cyclical,66.53,18106064896,0.12469072753486943,0.9975510368534316,0.12264992491272912,0.12754785120586584,9
BKR,Baker Hughes Company,Energy,62.21,61478191104,0.12444036496620975,0.8934406774778334,0.21323980040134854,0.00012115535701542929,9
MO,"Altria Group, Inc.",Consumer Defensive,67.57,113427841024,0.12291253951591706,0.8947953658582624,0.21058306796736506,0.0001737996838898629,9
CCI,Crown Castle Inc.,Real Estate,88.01,38326509568,0.121924193075792,0.9005632420416573,0.03906022811050636,0.2379337440271919,9
NTRS,Northern Trust Corporation,Financial Services,144.76,27376629760,0.1202174125380996,0.9218871010564997,0.055123330085182665,0.2113491279721833,9
CINF,Cincinnati Financial Corporatio,Financial Services,163.0,25431017472,0.12011328111224724,0.8784563184541062,0.01882687982400237,0.26191424291579,9
CTAS,Cintas Corporation,Industrials,200.02,80381378560,0.11806428731707494,0.8989355019393409,0.20228470236762422,0.000155706246305981,9
PNR,Pentair plc.,Industrials,102.03,16725906432,0.11722981151035732,0.939571419609753,0.16758696183556318,0.04672980105506908,9
VRSN,"VeriSign, Inc.",Technology,215.91,20014858240,0.11648259460349364,0.9203007725136579,0.18289861750877867,0.02350016253609461,9
PLTR,Palantir Technologies Inc.,Technology,135.24,322335932416,0.1149681801937841,0.9548309133716861,0.0773272746701892,0.16766544792681695,9
ON,ON Semiconductor Corporation,Technology,69.11,27808370688,0.11315610064161606,0.9640068601507302,0.14315038384934087,0.07116410415080134,9
EQR,Equity Residential,Real Estate,62.6,24636973056,0.11179192206139957,0.919842991682156,0.04499441512986295,0.20530843176555083,9
STZ,"Constellation Brands, Inc.",Consumer Defensive,156.41,27230023680,0.11156504616576537,0.9157326222649845,0.041342231386585805,0.2098769868566168,9
ZTS,Zoetis Inc.,Healthcare,128.78,56752472064,0.10987398053198173,0.9387500598028334,0.05883236370100957,0.18133224409534277,9
IBM,International Business Machines,Technology,257.16,240376512512,0.10858230853063103,0.9071923786754933,0.18592199296771997,0.00030675031870655166,9
DIS,Walt Disney Company (The),Communication Services,105.58,187234205696,0.10746896911213044,0.9255966716549521,0.04546619549125718,0.194272852181353,9
DG,Dollar General Corporation,Consumer Defensive,150.64,33158705152,0.10630351730520786,0.951844649891253,0.1464329757291637,0.05012227551166969,9
C,"Citigroup, Inc.",Financial Services,116.0,207554871296,0.10626849125312986,0.9451411025080871,0.0605527433432025,0.17027053832702818,9
NOW,"ServiceNow, Inc.",Technology,104.27,110019756032,0.10575169730626206,0.9214251224681572,0.0402726326963931,0.1974223877600786,9
ESS,"Essex Property Trust, Inc.",Real Estate,254.52,17588973568,0.1021069074043848,0.8983528556869298,0.017400953810159665,0.22069524243629998,9
IQV,"IQVIA Holdings, Inc.",Healthcare,165.62,28205084672,0.10080359743281088,0.9213773110088657,0.1663225049254228,0.009077126943154183,9
PPG,"PPG Industries, Inc.",Basic Materials,126.53,28557819904,0.0990044632384892,0.9692289726188021,0.1246469860561541,0.06310493129375834,9
DECK,Deckers Outdoor Corporation,Consumer Cyclical,118.69,17298454528,0.09883390060815576,0.896381645873588,0.012485272169479136,0.21972198042230304,9
OTIS,Otis Worldwide Corporation,Industrials,92.67,36114964480,0.09831786262017157,0.9157969692061232,0.1684870549484023,8.099336064856707e-05,9
GEHC,GE HealthCare Technologies Inc.,Healthcare,84.23,38387802112,0.09426445018897478,0.9214547419178442,0.1597188319241047,0.002628315759792908,9
L,Loews Corporation,Financial Services,109.77,22685020160,0.09425496803529859,0.9836311537517289,0.08061426282840604,0.11335195532494818,9
NUE,Nucor Corporation,Basic Materials,180.01,41196847104,0.0930161477998988,0.9220875240098546,0.15794321112501997,0.002118259144729148,9
POOL,Pool Corporation,Industrials,221.62,8270416896,0.09129658204446985,0.9217916410261229,0.1564702145227008,5.349657494653802e-05,9
MTB,M&T Bank Corporation,Financial Services,232.52,36335738880,0.09129008641713857,0.9168461914932948,0.021995245994884297,0.18830286300829455,9
TEL,TE Connectivity plc,Technology,234.73,68901584896,0.08627846006010796,0.9600267721720395,0.11958948325007504,0.03964302759415404,9
WDAY,"Workday, Inc.",Technology,137.81,36795269120,0.08596113508791416,0.9528648656760361,0.12524041369121736,0.030970145043289692,9
D,"Dominion Energy, Inc.",Utilities,65.96,56324120576,0.08530203237265313,0.9269331616258831,0.1461910643510839,5.738760285007043e-05,9
UPS,"United Parcel Service, Inc.",Industrials,116.73,99032055808,0.08286996948558045,0.9509890878589999,0.042027542701413734,0.14004936698341386,9
TTWO,"Take-Two Interactive Software, ",Communication Services,199.72,36983242752,0.08198680893880836,0.9299080471288992,0.1403967696647257,0.00021286392252406063,9
HON,Honeywell International Inc.,Industrials,243.97,164403986432,0.08193743553005484,0.9538245518383829,0.12041697566473573,0.02806607934150157,9
PHM,"PulteGroup, Inc.",Consumer Cyclical,140.02,26929752064,0.07704045390828303,0.9601872528528795,0.04386316461901594,0.12348865891325694,9
LEN,Lennar Corporation,Consumer Cyclical,116.46,28764076032,0.07504385583037132,0.9383572790671788,0.12641278994105562,0.0031273480754132987,9
DRI,"Darden Restaurants, Inc.",Consumer Cyclical,217.27,25271490560,0.07466535215545445,0.9398032939081465,0.02450143041224321,0.14489484259595017,9
AMZN,"Amazon.com, Inc.",Consumer Cyclical,210.11,2255514238976,0.07184355077287889,0.9425553531334361,0.11971408982834882,0.004824796095220979,9
AKAM,"Akamai Technologies, Inc.",Technology,94.17,13547788288,0.07133509341515368,0.9389765316081876,0.12218798374166404,0.00014104695803918594,9
EBAY,eBay Inc.,Consumer Cyclical,88.07,40247988224,0.07097998726279722,0.9393651340201848,0.12150904224597656,0.00023931028634615345,9
DASH,"DoorDash, Inc.",Consumer Cyclical,176.29,75980726272,0.0704355691683834,0.9402265072881074,0.12024681309496059,0.0006998276711753294,9
APA,APA Corporation,Energy,29.06,10397274112,0.07009163091748766,0.9399716901492076,0.12011522245981474,5.8602758229776104e-05,9
MCHP,Microchip Technology Incorporat,Technology,77.73,42062462976,0.06756024267027518,0.9730222348926344,0.09004171359307982,0.03608618337834869,9
JBHT,"J.B. Hunt Transport Services, I",Industrials,230.16,21915453440,0.0674862359674069,0.94232663865599,0.11554737042074854,0.0002006477327286011,9
BLDR,"Builders FirstSource, Inc.",Industrials,110.55,12224684032,0.06719489525809283,0.9547067618166611,0.1049392604108752,0.014352784044197523,9
ZBH,"Zimmer Biomet Holdings, Inc.",Healthcare,98.75,19570427904,0.06414441573828804,0.9450524937870264,0.10993400424909938,3.899182315218181e-05,9
DHI,"D.R. Horton, Inc.",Consumer Cyclical,164.12,47775256576,0.06412058358439154,0.9503590303598117,0.02275310888423466,0.12203504816461118,9
WYNN,"Wynn Resorts, Limited",Consumer Cyclical,114.87,11943784448,0.06358184469426367,0.9829315014137764,0.04935809587241066,0.0834950930448579,9
CMS,CMS Energy Corporation,Utilities,75.86,23245088768,0.06321402062129113,0.9458768778121307,0.10831662244451558,7.03780687768743e-05,9
CRL,Charles River Laboratories Inte,Healthcare,168.92,8313477632,0.06289468547502396,0.9462450398380837,0.10769048560995415,0.00018056528612170626,9
NEM,Newmont Corporation,Basic Materials,122.13,134153658368,0.06277551261370985,0.9463436947903092,0.10748910028845221,0.00017648986907057863,9
PLD,"Prologis, Inc.",Real Estate,141.51,131443965952,0.06108527773505321,0.9616436831793128,0.029121680384480604,0.10583431402585487,9
APP,Applovin Corporation,Communication Services,418.68,141644873728,0.060824322215411626,0.9478954676165056,0.1042447658683237,3.570110133475866e-05,9
MAA,Mid-America Apartment Communiti,Real Estate,133.47,16019548160,0.06039767624274681,0.9515069679311375,0.10080853630013216,0.0038224721624073353,9
DDOG,"Datadog, Inc.",Technology,115.66,40558579712,0.059952453874753356,0.9712138811628324,0.08394088623905968,0.026368648564724498,9
WMT,Walmart Inc.,Consumer Defensive,122.99,980580958208,0.059787238482237354,0.9594099001868719,0.09361232165984412,0.012432122033587886,9
GDDY,GoDaddy Inc.,Technology,90.64,12549019648,0.05978167509762561,0.9661652495382338,0.03158604971282039,0.0992555506363529,9
BK,The Bank of New York Mellon Cor,Financial Services,118.19,82419695616,0.0590131131619151,0.9639024304006311,0.028931805162440944,0.10112694436117892,9
CTVA,"Corteva, Inc.",Basic Materials,76.31,51565105152,0.0589332979823405,0.9495725978193633,0.1009561331328711,0.00010132877159766937,9
DUK,Duke Energy Corporation (Holdin,Utilities,126.78,98591891456,0.05883268338104951,0.9496156042928894,0.10081967980364172,5.088838942040733e-05,9
ETR,Entergy Corporation,Utilities,104.02,47052337152,0.05875180642514738,0.9496691880828729,0.10069414968941998,3.2525855165752743e-05,9
GILD,"Gilead Sciences, Inc.",Healthcare,151.4,187838889984,0.05838803562834512,0.9852481323000296,0.04609481254503642,0.07559854794497728,9
IBKR,"Interactive Brokers Group, Inc.",Financial Services,74.395,126466850816,0.05804830934248494,0.9816361350821714,0.0733515301073421,0.036623800271684916,9
GPC,Genuine Parts Company,Consumer Cyclical,118.06,16423385088,0.0579011746463091,0.9620598966647295,0.0895179274257012,0.013637720755160187,9
ABBV,AbbVie Inc.,Healthcare,224.81,397325729792,0.057633003674632616,0.9692687572304813,0.03202363470003373,0.09348612023907106,9
PTC,PTC Inc.,Technology,155.16,18463436800,0.05701302782090215,0.9997817864946401,0.057194872408702024,0.056758445397982346,9
BMY,Bristol-Myers Squibb Company,Healthcare,60.66,123532492800,0.056726519396675334,0.9515181090375584,0.09712809519871002,0.00016431327382680536,9
GOOGL,Alphabet Inc.,Communication Services,314.98,3810313371648,0.05625011335115923,0.9521965262093255,0.09608634151005467,0.00047939392870561523,9
EFX,"Equifax, Inc.",Industrials,197.46,24167927808,0.05614092055578227,0.9522561801889844,0.09592743706496193,0.00043979744293077763,9
PAYC,"Paycom Software, Inc.",Technology,114.71,6298280448,0.05585314424894608,0.9539503984391511,0.09422781221632022,0.002128609094622292,9
NVDA,NVIDIA Corporation,Technology,189.82,4621547864064,0.05548905953596808,0.994050271406763,0.06044716669699889,0.04854770951052492,9
PYPL,"PayPal Holdings, Inc.",Financial Services,41.65,38969905152,0.05492323935287037,0.9537072498768646,0.09350053112214982,0.0009150308758791598,9
ADBE,Adobe Inc.,Technology,258.61,108254142464,0.054775511409486735,0.9546036645646772,0.0926057909389224,0.001813120068276807,9
CNP,"CenterPoint Energy, Inc (Holdin",Utilities,43.0,28073336832,0.05471546148076867,0.9533074616005149,0.0936259101470062,0.0002408333480361166,9
JBL,Jabil Inc.,Technology,271.09,28958636032,0.054284381214684534,0.95353531885186,0.0930049488381345,7.558654185458884e-05,9
ES,Eversource Energy (D/B/A),Utilities,73.56,27598913536,0.05400495600624253,0.953768213449342,0.0925314447984575,6.787169714156452e-05,9
WAB,Westinghouse Air Brake Technolo,Industrials,264.78,45266042880,0.053890125841843696,0.9538547956934316,0.09234446276398404,5.405415084721721e-05,9
LYV,"Live Nation Entertainment, Inc.",Communication Services,162.67,37773479936,0.053771628057164754,0.9539505017628842,0.09214620992142794,4.721344719628552e-05,9
COF,Capital One Financial Corporati,Financial Services,208.42,132499603456,0.05368849302787672,0.9598290251619782,0.08716430539289485,0.006822355716851342,9
GOOG,Alphabet Inc.,Communication Services,314.9,3809345273856,0.05355245433161026,0.9547158128326465,0.09128927697107156,0.0007209026363644588,9
IT,"Gartner, Inc.",Technology,153.73,11080419328,0.05337657429230339,0.9566307388298307,0.08951762526744446,0.0027791029271059015,9
NSC,Norfolk Southern Corporation,Industrials,316.23,71016415232,0.05302911491245444,0.9531880907556121,0.014019190542131191,0.10764300903090698,9
PSX,Phillips 66,Energy,155.75,62942351360,0.05270482557958055,0.9696513342744493,0.027414270808288257,0.08811160225938976,9
AJG,Arthur J. Gallagher & Co.,Financial Services,216.51,55637872640,0.052108193435997235,0.9557364861487536,0.08899445497870254,0.0004674272762098376,9
BF.B,BF.B,Unknown,0.0,0,0.05045299578474683,0.9578952452857503,0.08554029137995493,0.001330781951455488,9
EMR,Emerson Electric Company,Industrials,148.62,83569336320,0.0503847179237166,0.9688293463439153,0.07636026263712055,0.014018955324951067,9
J,Jacobs Solutions Inc.,Industrials,137.93,16287920128,0.050333721508152775,0.9733280883923398,0.02810712850176926,0.08145095171708969,9
UDR,"UDR, Inc.",Real Estate,37.17,13994097664,0.05031111404042422,0.9722400882879876,0.02717785428041388,0.08269767770443869,9
MRSH,Marsh,Financial Services,179.32,87850606592,0.0499504945441357,0.9574355386793655,0.08542087897799777,0.00029195633672879037,9
KVUE,Kenvue Inc.,Consumer Defensive,18.72,35867226112,0.04980418821783908,0.9878832518582522,0.03970689809971595,0.06394039438321145,9
ALLE,Allegion plc,Industrials,162.14,13949220864,0.049741624536020226,0.9779616530736966,0.0313763354307674,0.07545302928337419,9
SO,Southern Company (The),Utilities,94.3,103834198016,0.04954500456233797,0.9576353572382912,0.08484887353042864,0.00011958800701104795,9
ABNB,"Airbnb, Inc.",Consumer Cyclical,127.89,76671844352,0.04870486207595786,0.9590014864262145,0.08287029005411244,0.0008732629065414509,9
ACN,Accenture plc,Technology,215.35,133546909696,0.04846282057277967,0.958472544569734,0.08306903343133473,1.4122570802583107e-05,9
ALB,Albemarle Corporation,Basic Materials,168.42,19847827456,0.04839473430905386,0.9931031787619183,0.04264738327731911,0.05644102575348252,9
TPR,"Tapestry, Inc.",Consumer Cyclical,157.09,32148430848,0.048229480975918365,0.977295224915278,0.029308835071983324,0.07471838524142742,9
PEP,"Pepsico, Inc.",Consumer Defensive,164.94,225529085952,0.04767416195088731,0.9597128462066772,0.08124679011198967,0.0006724825253440243,9
DTE,DTE Energy Company,Utilities,145.0,30114035712,0.046183772355442416,0.9606267186922853,0.07899484011187129,0.0002482774964420005,9
IR,Ingersoll Rand Inc.,Industrials,95.6,37772554240,0.04586072779143778,0.9952336792643022,0.04983266173785264,0.04030002026645697,9
AVY,Avery Dennison Corporation,Consumer Cyclical,196.92,15221008384,0.04563172235584908,0.9838232473960412,0.032151095185883376,0.06450460039380106,9
NRG,"NRG Energy, Inc.",Utilities,179.18,38683062272,0.045523276868556305,0.9611948294266924,0.07786091901297927,0.0002505778663641456,9
RVTY,"Revvity, Inc.",Healthcare,100.33,11645561856,0.045419556138863504,0.9612178513777415,0.0777380133240789,0.00017371607956195097,9
PNC,"PNC Financial Services Group, I",Financial Services,232.97,94193008640,0.045240177593273034,0.9538909339261796,0.0068159558650894075,0.0990340880127301,9
TKO,"TKO Group Holdings, Inc.",Communication Services,211.12,17340739584,0.044714701736696005,0.9692640479122653,0.019101408330250435,0.0805733125057198,9
APTV,Aptiv PLC,Consumer Cyclical,79.57,17193439232,0.04466523633984145,0.9695039423470685,0.07007861771728438,0.00908650241142135,9
AMD,"Advanced Micro Devices, Inc.",Technology,200.15,326326714368,0.04436196647766774,0.9620157553400961,0.07601550369425436,4.7014374446478985e-05,9
FSLR,"First Solar, Inc.",Technology,241.88,25955694592,0.044138405481929675,0.9632497281400648,0.07476363203187568,0.001263088312005267,9
FCX,"Freeport-McMoRan, Inc.",Basic Materials,64.34,92387770368,0.04402591338656355,0.9726883573837725,0.06678561556675314,0.012162330334298123,9
EXE,Expand Energy Corporation,Energy,108.06,25736615936,0.04287656205960242,0.9633093078876335,0.07345213881990784,7.075459517483785e-05,9
DHR,Danaher Corporation,Healthcare,209.5,148095549440,0.04279201042931952,0.9633735841917692,0.07331402360284517,6.119198638360986e-05,9
HSY,The Hershey Company,Consumer Defensive,221.77,44971655168,0.04209848676427587,0.9594075357531322,0.00827143322521934,0.089456361718955,9
CRM,"Salesforce, Inc.",Technology,185.16,176272326656,0.04204329382500134,0.9698651022526416,0.06715570861446668,0.00688591311974986,9
CVNA,Carvana Co.,Consumer Cyclical,336.62,72980373504,0.04176341935109825,0.9642655154330858,0.0715421564901934,7.318735636504762e-05,9
CVX,Chevron Corporation,Energy,183.93,367741108224,0.041572887019224125,0.9643902026922588,0.07124771810900847,2.812349352604469e-05,9
UAL,"United Airlines Holdings, Inc.",Industrials,113.03,36592103424,0.041180487947052875,0.9695328917094621,0.06656974485583447,0.005635528274758651,9
DOV,Dover Corporation,Industrials,233.31,31999215616,0.04007045910093954,0.9694599834178923,0.06552047291936258,0.004440439755147275,9
CLX,Clorox Company (The),Consumer Defensive,123.6,15076773888,0.04004617726586539,0.9978099735330881,0.038221155210105454,0.04260120814392928,9
WM,"Waste Management, Inc.",Industrials,230.31,92892258304,0.04003075480469105,0.9828770020013897,0.05429991980353297,0.02005392380631236,9
GLW,Corning Incorporated,Technology,139.51,119692337152,0.03944956579129389,0.9665238784313511,0.06734633376516794,0.00039409062787020937,9
EW,Edwards Lifesciences Corporatio,Healthcare,79.78,46838841344,0.038872263302139914,0.9761828748765358,0.058719867571693396,0.01108561732476504,9
PKG,Packaging Corporation of Americ,Consumer Cyclical,237.21,21343868928,0.0387850118082545,0.9685874616230674,0.064962127122365,0.0021370503684997825,9
BA,Boeing Company (The),Industrials,232.03,182224076800,0.03876076276444973,0.9965469154782857,0.04163833319921168,0.03473216415578301,9
DLTR,"Dollar Tree, Inc.",Consumer Defensive,134.51,27435712512,0.03817204865049322,0.9674172479646008,0.06532434201332588,0.0001588379425275116,9
AWK,"American Water Works Company, I",Utilities,129.37,25250068480,0.03750428821354905,0.9932007346858873,0.04317034264197624,0.029571812013750982,9
EIX,Edison International,Utilities,73.74,28377659392,0.03735276730432349,0.9681782631525103,0.0638708813438982,0.00022740764891890532,9
PANW,"Palo Alto Networks, Inc.",Technology,148.7,120160681984,0.03692138696026709,0.9902076257294442,0.02876107506813725,0.04834582360924887,9
HOOD,"Robinhood Markets, Inc.",Financial Services,76.11,68600107008,0.036815555936456135,0.9685278963459422,0.06304230898150431,9.81016733886882e-05,9
ERIE,Erie Indemnity Company,Financial Services,273.04,14277226496,0.03665833808452349,0.9753519571035326,0.05719837383157968,0.007902288038644827,9
KMI,"Kinder Morgan, Inc.",Energy,32.73,72817909760,0.036627731484733625,0.9686886167255927,0.06272055088007307,9.778433125839509e-05,9
JKHY,"Jack Henry & Associates, Inc.",Technology,159.19,11521716224,0.0361823140822065,0.9693459053550256,0.06172739295301852,0.00041920366306967197,9
LRCX,Lam Research Corporation,Technology,244.92,307626868736,0.03508447283021727,0.9781354199695078,0.05330495618896078,0.009575796127976354,9
ODFL,"Old Dominion Freight Line, Inc.",Industrials,201.39,42325762048,0.03468184480263858,0.9703918884578017,0.05935527108780382,0.00013904800340723566,9
CBRE,CBRE Group Inc,Real Estate,147.01,43749142528,0.03466599986313851,0.9717266805960124,0.058227099366461456,0.0016804605584863942,9
DELL,Dell Technologies Inc.,Technology,122.27,81945378816,0.03463969192110803,0.9703586820995684,0.05934079017146763,5.815437060459072e-05,9
ISRG,"Intuitive Surgical, Inc.",Healthcare,504.05,179003392000,0.034328398695550794,0.9710815462985218,0.05842711011344929,0.0005902027104928987,9
XYL,Xylem Inc.,Industrials,128.67,31344011264,0.03412737080704593,0.9787730524333568,0.051816493779248636,0.009362598645962138,9
CSX,CSX Corporation,Industrials,42.31,78677843968,0.03401984792385669,0.9710144201833848,0.05817449777103599,0.00020333813780567175,9
ANET,"Arista Networks, Inc.",Technology,132.79,167220461568,0.03379768244002233,0.9969424713263132,0.031249741878616667,0.037364799225990245,9
EXC,Exelon Corporation,Utilities,47.79,48884039680,0.03369804739011827,0.9711588911097772,0.05773230479863728,5.008701819166567e-05,9
BIIB,Biogen Inc.,Healthcare,192.03,28182040576,0.03344167011278422,0.9662297886510608,0.005299827322001518,0.07284025001988,9
HUM,Humana Inc.,Healthcare,189.83,22831437824,0.03336830272443728,0.9715672779922824,0.057062237730868645,0.0001967937154333811,9
ALGN,"Align Technology, Inc.",Healthcare,190.02,13773859840,0.033308915599263696,0.9840267599798926,0.01999788224917422,0.051944362289388965,9
CTRA,Coterra Energy Inc.,Energy,31.28,23815888896,0.03325451891990711,0.9717332494869425,0.05681014434745502,0.0002766433213400427,9
SPG,"Simon Property Group, Inc.",Real Estate,201.7,76077842432,0.03285674632375952,0.9770177910912108,0.05200858708108388,0.006044169263505421,9
URI,"United Rentals, Inc.",Industrials,909.11,57846804480,0.03265521651657836,0.9720236050580182,0.05596887896822981,1.608908426633056e-05,9
JCI,Johnson Controls International ,Industrials,143.79,88008990720,0.03254643822206876,0.972162740522589,0.05574415445324459,6.963549842261327e-05,9
BKNG,Booking Holdings Inc. Common St,Consumer Cyclical,4076.79,132128301056,0.03130451327896876,0.973420598772861,0.05345401430158458,0.0002952118473066216,9
VTRS,Viatris Inc.,Healthcare,15.92,18379118592,0.031101020755159872,0.9830713797220806,0.04520820432009269,0.01135096376425393,9
SBUX,Starbucks Corporation,Consumer Cyclical,97.49,111070355456,0.029286261653509265,0.9865226405123361,0.040517394559895864,0.013562675584568027,9
TMO,Thermo Fisher Scientific Inc,Healthcare,510.93,191960514560,0.029004359476842944,0.9751726794970902,0.049693793229267806,3.915222344812917e-05,9
ED,"Consolidated Edison, Inc.",Utilities,109.81,39634337792,0.028810931810231706,0.9753848283708282,0.04932357483454159,9.32315761978683e-05,9
LNT,Alliant Energy Corporation,Utilities,71.01,18253383680,0.028640901849109748,0.9754974407403388,0.049059701232160705,5.458271283841714e-05,9
BXP,"BXP, Inc.",Real Estate,60.88,10774308864,0.028611014368210057,0.9755163560152398,0.04901405102217693,4.676305265643549e-05,9
GE,GE Aerospace,Industrials,343.22,362033217536,0.027996867473285225,0.9760543750077725,0.04795155496680816,6.030498235311889e-05,9
XEL,Xcel Energy Inc.,Utilities,81.55,48240070656,0.027744903560124375,0.9763073127260243,0.047488809621770794,0.00010343507381939556,9
Q,"Qnity Electronics, Inc.",Technology,113.46,23765694464,0.027485544493991654,0.9990118951905638,0.028308965168521796,0.026332755549649443,9
MOH,Molina Healthcare Inc,Healthcare,151.0,7776500224,0.02727532536159127,0.9769827352274203,0.046456379338741,0.00042184979358164253,9
DVN,Devon Energy Corporation,Energy,44.39,27845844992,0.02718995986002528,0.9767725526108063,0.04654616601768669,9.127123929930516e-05,9
EXPD,Expeditors International of Was,Industrials,156.3,21212807168,0.027056121814030897,0.9769609706032572,0.046255312977983305,0.00017725418449753534,9
NDSN,Nordson Corporation,Industrials,290.17,16198309888,0.02667086847428581,0.9811186203720947,0.010936385451031448,0.04869914470684191,9
EOG,"EOG Resources, Inc.",Energy,123.08,67200868352,0.026410346915343386,0.9773786167433336,0.04526149962923201,1.8733115899307057e-05,9
NVR,"NVR, Inc.",Consumer Cyclical,7580.6,21524598784,0.02629521404197201,0.9775295657472606,0.04502057591925484,7.970741377605795e-05,9
NKE,"Nike, Inc.",Consumer Cyclical,65.4,96817070080,0.025965012414434562,0.9793777715748635,0.043150202768715,0.001905745918441954,9
NTAP,"NetApp, Inc.",Technology,102.48,20456892416,0.025865047992507873,0.9778768775392856,0.04430098337643651,5.4738455007784105e-05,9
CHRW,"C.H. Robinson Worldwide, Inc.",Industrials,190.06,22545074176,0.02575329682567448,0.9994145355297416,0.026241183884223144,0.02507025494370634,9
ADSK,"Autodesk, Inc.",Technology,226.98,48346738688,0.02567258813419519,0.9797588885179399,0.042540181035911916,0.0020579580717917756,9
EL,"Estee Lauder Companies, Inc. (T",Consumer Defensive,114.23,41320079360,0.025111288872706798,0.9917184540075475,0.01821000054566311,0.03477309253056796,9
STX,Seagate Technology Holdings PLC,Technology,411.11,89652019200,0.02457723783380688,0.9789474552156421,0.04212102515410518,1.5935585389262583e-05,9
PODD,Insulet Corporation,Healthcare,241.89,17027250176,0.024161568975384896,0.9794303481626322,0.04130294550652475,0.00016364183178909592,9
AMP,"Ameriprise Financial, Inc.",Financial Services,471.69,43822694400,0.023486577439465174,0.9798975189020556,0.0402386450210855,3.368282519672188e-05,9
T,AT&T Inc.,Communication Services,27.98,198362791936,0.023471867837003172,0.9806842489822091,0.039568327018495615,0.0009368249829137606,9
EQT,EQT Corporation,Energy,60.5,37756284928,0.0234655382745,0.9799462517885367,0.04017699511738609,6.949869445947955e-05,9
BG,Bunge Limited,Consumer Defensive,121.95,23580379136,0.023013411322584033,0.9803306130966036,0.039404567075414294,6.579326862166575e-05,9
PSA,Public Storage,Real Estate,305.0,53529464832,0.02280158997830921,0.9896196270175216,0.0314519007970412,0.010691154832084424,9
DGX,Quest Diagnostics Incorporated,Healthcare,202.41,22516566016,0.022264063787744964,0.987651972977695,0.011974041269157503,0.036670095313767415,9
ORCL,Oracle Corporation,Technology,148.08,425595404288,0.022218354738347438,0.9809984200282365,0.03805300471481709,4.984477128992737e-05,9
MCD,McDonald's Corporation,Consumer Cyclical,329.23,234939990016,0.02210051244997844,0.9860581252365356,0.03371874141953211,0.005834991892603306,9
FAST,Fastenal Company,Industrials,46.22,53068845056,0.022039703572461725,0.9812067466492849,0.03770074803139096,0.00011424132996079365,9
CPT,Camden Property Trust,Real Estate,107.2,11405579264,0.0219455260650481,0.9848825294352137,0.034543418202369995,0.004308477072797442,9
SHW,Sherwin-Williams Company (The),Basic Materials,360.63,89917071360,0.021850201138788387,0.9821571388289089,0.03671925211469767,0.0010335297725153928,9
WMB,"Williams Companies, Inc. (The)",Energy,72.98,89181560832,0.021551030436745444,0.9833609647940221,0.03541689310839363,0.0021388226964379827,9
TGT,Target Corporation,Consumer Defensive,116.69,53023838208,0.02141055269044863,0.9919652474673286,0.028106179801008088,0.012036674735665396,9
UHS,"Universal Health Services, Inc.",Healthcare,230.49,14668082176,0.020845169259433076,0.9908831583919532,0.028442537266138802,0.010208854050045062,9
PCG,Pacific Gas & Electric Co.,Utilities,18.36,40354693120,0.020766153679133464,0.9822758712284734,0.035536260988739014,8.800344568569266e-05,9
MMM,3M Company,Industrials,167.06,87990501376,0.020667068176547194,0.9823127471199774,0.03540644557656601,3.193981652085065e-05,9
TYL,"Tyler Technologies, Inc.",Technology,317.01,13714427904,0.02052171978917367,0.9824413515583571,0.03515392682387605,3.6629940590344745e-05,9
ITW,Illinois Tool Works Inc.,Industrials,294.98,85013241856,0.020408111765926985,0.9901982511857867,0.028576235777771405,0.008972738149344793,9
UNP,Union Pacific Corporation,Industrials,266.1,157901471744,0.02039309971507079,0.9977624524722565,0.018528476775284505,0.023003571830771577,9
FIX,"Comfort Systems USA, Inc.",Industrials,1462.23,51589595136,0.020204548426465196,0.9827912036739351,0.03454521203151921,0.00012761937938956974,9
ROST,"Ross Stores, Inc.",Consumer Cyclical,201.45,65516830720,0.020079970175920225,0.9855810134046229,0.03209579233873446,0.0032578191479803002,9
RMD,ResMed Inc.,Healthcare,259.12,37822783488,0.02007417532316966,0.9946458850759825,0.024535937759850926,0.013827707911815887,9
INTU,Intuit Inc.,Technology,380.55,105945112576,0.018939056354188043,0.9838242959985367,0.03241880968874075,6.740168581425394e-05,9
IDXX,"IDEXX Laboratories, Inc.",Healthcare,635.66,50855784448,0.01876188850287787,0.9851754039828652,0.03111571851715688,0.0014665264828872455,9
MTD,"Mettler-Toledo International, I",Healthcare,1377.55,28141203456,0.01855528908247906,0.9848509245416152,0.031179518631133073,0.0008813677143634459,9
MOS,Mosaic Company (The),Basic Materials,29.43,9341314048,0.018187317233657577,0.9844773823480303,0.03112283194363233,7.759663969292231e-05,9
PPL,PPL Corporation,Utilities,37.44,27695835136,0.018100678944192917,0.984865573400704,0.03071270111027288,0.00044384791168096616,9
CAH,"Cardinal Health, Inc.",Healthcare,224.44,52814327808,0.01771174718335911,0.9899684113074836,0.009352089939595446,0.029415267324628236,9
DE,Deere & Company,Industrials,662.49,179584122880,0.017694014567463306,0.9849045168766901,0.03027358383688825,8.261759026838953e-05,9
LIN,Linde plc,Basic Materials,496.51,232818278400,0.017485641925777264,0.9850470117204807,0.02994646549204337,4.048893300471229e-05,9
NXPI,NXP Semiconductors N.V.,Technology,232.27,58558656512,0.017160221152587637,0.98832852369096,0.026886451410120984,0.0035434987920409536,9
GL,Globe Life Inc.,Financial Services,144.39,11696100352,0.017039158915158958,0.9855249219425418,0.029101723963040754,0.0001515678481244432,9
CRH,CRH PLC,Basic Materials,124.04,82867765248,0.01701273021103725,0.9854976892517532,0.02909798916790956,9.33676714160201e-05,9
FFIV,"F5, Inc.",Technology,278.39,15815641088,0.016813436107645224,0.985619922260423,0.028796834223959383,3.667874480540241e-05,9
PWR,"Quanta Services, Inc.",Industrials,552.66,82410381312,0.016605550314520413,0.9857859958394214,0.028450553781669267,2.2545460512020185e-05,9
ELV,"Elevance Health, Inc.",Healthcare,342.93,75686248448,0.016184544012988834,0.9861435176606819,0.027731612629087247,1.8647950451053306e-05,9
TSLA,"Tesla, Inc.",Consumer Cyclical,411.82,1545326559232,0.01605643721698836,0.9864048102025189,0.027385762048222583,0.00019538245326044545,9
WTW,Willis Towers Watson Public Lim,Financial Services,301.81,28897890304,0.016022978652144856,0.9875892788272506,0.02636524629610271,0.0015438039506038607,9
COP,ConocoPhillips,Energy,110.53,136583938048,0.015890445329239826,0.9864396369259302,0.027190747890964696,7.002174282500378e-05,9
HLT,Hilton Worldwide Holdings Inc.,Consumer Cyclical,315.96,73440215040,0.015617265771241494,0.9939101792303312,0.010542415129850822,0.022722056669188435,9
FTNT,"Fortinet, Inc.",Technology,80.0,61301284864,0.015498858597205095,0.9867621378125407,0.026530410420087785,5.4686045169331496e-05,9
PM,Philip Morris International Inc,Consumer Defensive,183.4,285495033856,0.015211908321781131,0.9869816552453393,0.026060528950665015,2.3839441343693064e-05,9
META,"Meta Platforms, Inc.",Communication Services,655.66,1658528202752,0.014844311282420303,0.9875096895302694,0.025252903340529143,0.0002722824010679259,9
MPC,Marathon Petroleum Corporation,Energy,196.76,59146547200,0.014763827143379411,0.9953251497520595,0.018659535683329818,0.009309835187448838,9
TER,"Teradyne, Inc.",Technology,324.85,51675037696,0.0146571904806734,0.9874497685978543,0.02511571664912814,1.525384483676598e-05,9
MA,Mastercard Incorporated,Financial Services,526.41,469788098560,0.014547541338717551,0.9879525844657774,0.024587054283903086,0.0004922232154578048,9
PH,Parker-Hannifin Corporation,Industrials,1022.23,129022320640,0.014368159636334457,0.9877071121212615,0.024612232868616517,2.6457111139577194e-05,9
LH,Labcorp Holdings Inc.,Healthcare,282.67,23489878016,0.014127769998296949,0.9879026644499918,0.024208882956637156,1.4211856620663312e-05,9
TXN,Texas Instruments Incorporated,Technology,219.73,199651737600,0.014050317203415322,0.9983912853081232,0.01539091277997937,0.012173483396225655,9
VZ,Verizon Communications Inc.,Communication Services,49.25,207687254016,0.013816035050813373,0.9881958740169223,0.02365280670337808,4.455473722278429e-05,9
PG,Procter & Gamble Company (The),Consumer Defensive,160.78,375699996672,0.013790571264069912,0.9882309434354475,0.02359811840119703,6.000527209194523e-05,9
FANG,"Diamondback Energy, Inc.",Energy,176.01,50431369216,0.01333639200325291,0.9886348580752543,0.02280734360720762,7.705975771631636e-05,9
AVGO,Broadcom Inc.,Technology,332.65,1577184657408,0.013274191035227569,0.9888008134105215,0.022606846526459605,0.00020847334750271625,9
EXR,Extra Space Storage Inc,Real Estate,152.75,33849622528,0.013177896634275123,0.9887944583135291,0.022515848039667545,0.00010476466672573486,9
MLM,"Martin Marietta Materials, Inc.",Basic Materials,685.94,41367080960,0.013162799410726955,0.9887651589821908,0.022525166925567955,5.548488994955792e-05,9
ROP,"Roper Technologies, Inc.",Technology,335.79,36143575040,0.013067726525552648,0.9888123033535231,0.02239080706428336,1.5413771329653353e-05,9
V,Visa Inc.,Financial Services,320.95,618804346880,0.012944972631857284,0.9974094339408139,0.015103777681179013,0.009922645562806864,9
CAT,"Caterpillar, Inc.",Industrials,759.74,355542794240,0.01277577102353608,0.98906307986347,0.021889871137311116,1.603086425102979e-05,9
AXP,American Express Company,Financial Services,346.18,238466662400,0.012767059413076345,0.9892594908590601,0.021717483697192994,0.00023646541531303453,9
OKE,"ONEOK, Inc.",Energy,87.33,54996590592,0.01276431087123499,0.9908509927231461,0.020388483601946585,0.002090469048238758,9
CIEN,Ciena Corporation,Technology,334.95,47383187456,0.012675473009017986,0.9891657129658449,0.021704045537480596,3.547146917032866e-05,9
TRV,"The Travelers Companies, Inc.",Financial Services,304.93,68018728960,0.01265164960783094,0.9891627880187946,0.02168265959216875,8.2356297580043e-06,9
ECL,Ecolab Inc.,Basic Materials,304.16,86267346944,0.01256779783176534,0.999672147778325,0.012841008016494479,0.012185303573144542,9
SPGI,S&P Global Inc.,Financial Services,417.48,126412947456,0.012558487858710762,0.9905951620193536,0.02039585284258278,0.0015861768812899376,9
SJM,The J.M. Smucker Company,Consumer Defensive,110.38,11776919552,0.012113095828382318,0.9896585057352104,0.020731007715706972,4.801918612780537e-05,9
FDS,FactSet Research Systems Inc.,Financial Services,195.05,7298758656,0.011763322969458897,0.9900325725822254,0.020069512484271065,0.00013465764872186095,9
GS,"Goldman Sachs Group, Inc. (The)",Financial Services,922.24,279181492224,0.011702901887105599,0.9900903555473232,0.01996093893100294,0.00014165002564932164,9
DPZ,Domino's Pizza Inc,Consumer Cyclical,384.61,13057093632,0.011652486289116915,0.9901609123084338,0.019851726032088724,0.00017355064895637935,9
MSFT,Microsoft Corporation,Technology,397.23,2952363507712,0.01164478624174177,0.9902229108033903,0.01979236057224985,0.00023818217903045849,9
LOW,"Lowe's Companies, Inc.",Consumer Cyclical,280.36,157268344832,0.01159857678458042,0.99733137551607,0.013822430521188792,0.0084851815533287,9
ADI,"Analog Devices, Inc.",Technology,355.03,173841891328,0.01154719500573969,0.9906896181274797,0.01930584656617325,0.0006850828211327069,9
MCO,Moody's Corporation,Financial Services,447.82,80320389120,0.011500183691793337,0.9910168036582193,0.018986180643277253,0.0010197879597158527,9
TPL,Texas Pacific Land Corporation,Energy,499.88,34460844032,0.011481323923169768,0.9901695435413339,0.019673370972058176,1.2458054725998703e-05,9
KHC,The Kraft Heinz Company,Consumer Defensive,24.4,28883372032,0.011300046834714516,0.9919788430906451,0.017984344259176954,0.0019420304404671007,9
CSGP,"CoStar Group, Inc.",Real Estate,49.87,21136041984,0.011181965195577293,0.9905436558445608,0.019062251991776583,0.00014956368089828238,9
MSCI,MSCI Inc.,Financial Services,544.11,40884170752,0.011122026995782543,0.9907525327488443,0.018828249705078893,0.0003333152027676544,9
BLK,"BlackRock, Inc.",Financial Services,1093.64,169679241216,0.011010698204479981,0.9924690360732353,0.0172865014767839,0.0022245736232544945,9
WELL,Welltower Inc.,Real Estate,208.19,145265098752,0.010855919795773957,0.9949918072020495,0.015029413794066073,0.005013028198164993,9
WSM,"Williams-Sonoma, Inc.",Consumer Cyclical,214.86,25650139136,0.010774099429715226,0.99503277938335,0.014913449943590213,0.004979008710290245,9
APD,"Air Products and Chemicals, Inc",Basic Materials,281.18,62606413824,0.010751984808951905,0.994861383611309,0.015034165132861039,0.004756932355479116,9
SNPS,"Synopsys, Inc.",Technology,439.94,84168531968,0.010668068569332518,0.9908972384861052,0.0182537031642448,4.8180136455319405e-05,9
GRMN,Garmin Ltd.,Technology,248.9,47911743488,0.010492131435706353,0.9910616035930754,0.017940795108143504,6.400229429434118e-05,9
WAT,Waters Corporation,Healthcare,333.33,32696180736,0.010443373581898806,0.991064448146872,0.017889666792838817,1.8563086582791204e-05,9
AIZ,"Assurant, Inc.",Financial Services,224.31,11318505472,0.010429402971971148,0.9912816488662403,0.01769469558343762,0.0002579933159180831,9
NEE,"NextEra Energy, Inc.",Utilities,92.18,192059047936,0.010393857794671352,0.9911265447402157,0.017788403844491603,4.1493324923002137e-05,9
AAPL,Apple Inc.,Technology,264.58,3888777003008,0.010207912381982443,0.9967134017089385,0.012946744291200388,0.006373547709077321,9
AZO,"AutoZone, Inc.",Consumer Cyclical,3748.52,62347874304,0.010151897681731852,0.9913390815566481,0.017369329717858505,4.749283115453811e-05,9
REG,Regency Centers Corporation,Real Estate,76.85,14351334400,0.010059220609131616,0.9929902935770007,0.0159006426282977,0.0018812297822990956,9
ADM,Archer-Daniels-Midland Company,Consumer Defensive,67.88,32621072384,0.00997453134710784,0.9914893403915862,0.017066747687452633,4.542847062513292e-05,9
MU,"Micron Technology, Inc.",Technology,428.17,481909309440,0.00996624828276199,0.9915636790357966,0.016996515752931533,0.00012387382452462868,9
JNJ,Johnson & Johnson,Healthcare,242.49,584376451072,0.009909230077065964,0.9915660183377621,0.016937548128930856,6.958480445511675e-05,9
TDG,Transdigm Group Incorporated,Industrials,1338.98,75616968704,0.009884510906422145,0.9915799770999217,0.016901196656487365,6.115085633083638e-05,9
WDC,Western Digital Corporation,Technology,285.52,97619083264,0.009789425971618339,0.991719994191055,0.01668943081240578,0.00012941919451592269,9
RCL,Royal Caribbean Cruises Ltd.,Consumer Cyclical,315.09,85929123840,0.00954760612611418,0.9918571604578537,0.01633330574456951,4.762666027671957e-05,9
UBER,"Uber Technologies, Inc.",Technology,73.86,153468551168,0.009383480618156142,0.9920881485345222,0.015976690172720985,0.0001529872417653604,9
CHTR,"Charter Communications, Inc.",Communication Services,230.16,29784860672,0.009337929893638248,0.9921921773772068,0.015844448745965932,0.0002288035003794914,9
HII,"Huntington Ingalls Industries, ",Industrials,437.57,17171423232,0.00929061436963181,0.9920757256826143,0.015894176300786576,4.562766601514285e-05,9
CHD,"Church & Dwight Company, Inc.",Consumer Defensive,103.08,24752609280,0.009223958335738044,0.9921155542615574,0.01579432978444019,2.5438307555041082e-05,9
LDOS,"Leidos Holdings, Inc.",Technology,173.5,22259587072,0.0090439724367433,0.9923115793526128,0.015450989642899303,7.414834812489517e-05,9
IRM,Iron Mountain Incorporated (Del,Real Estate,110.29,32627664896,0.009025553346504194,0.9922950967756089,0.015446306033496811,3.649958471453109e-05,9
COIN,"Coinbase Global, Inc. - 3",Financial Services,171.35,46205833216,0.008865396163145951,0.9926088809314483,0.015024662053605723,0.00024242391650227256,9
LMT,Lockheed Martin Corporation,Industrials,658.26,152319918080,0.008807540548377044,0.9924780247632495,0.015075853245669131,3.1902772168122e-05,9
DVA,DaVita Inc.,Healthcare,150.73,10076149760,0.008687128755725597,0.9935046354728135,0.014099932528381003,0.0011092034740080308,9
FDX,FedEx Corporation,Industrials,388.48,91663974400,0.008671870560090356,0.9930738406371479,0.014443670029133786,0.0005913513034295515,9
CDNS,"Cadence Design Systems, Inc.",Technology,296.28,80733331456,0.0085662263239964,0.9928053983904941,0.014561727665251363,0.00017252444623945483,9
JPM,JP Morgan Chase & Co.,Financial Services,310.79,846051934208,0.008292110630723454,0.9952542570440278,0.012246896427366915,0.0027554105154226106,9
LHX,"L3Harris Technologies, Inc.",Industrials,356.14,66617004032,0.008112891452657013,0.993088323918987,0.013872621520167775,4.926935814194926e-05,9
SBAC,SBA Communications Corporation,Real Estate,199.54,21263581184,0.008111777968853894,0.9931394389582351,0.013828912170324642,0.00010779008679484624,9
HPQ,HP Inc.,Technology,18.59,17376106496,0.008040574362527895,0.9957417240715956,0.01158913763619822,0.00307258577938944,9
LULU,lululemon athletica inc.,Consumer Cyclical,187.3,22211749888,0.008018347754519962,0.9932866783603636,0.013612782454216968,0.00018613917494415136,9
HUBB,Hubbell Inc,Industrials,526.73,28001808384,0.007983370026580514,0.9931813002527712,0.013665619815937908,2.8220321480164562e-05,9
CME,CME Group Inc.,Financial Services,308.09,110762180608,0.007795400321914799,0.993363046845589,0.013326194617257328,5.228830843525786e-05,9
SNA,Snap-On Incorporated,Industrials,385.88,20068675584,0.0077370227894734585,0.9937149410844413,0.01297457188577243,0.00040445405465489644,9
YUM,"Yum! Brands, Inc.",Consumer Cyclical,163.33,45349036032,0.007657657381266744,0.993469447273743,0.013099784653147577,3.867920063358037e-05,9
MRNA,"Moderna, Inc.",Healthcare,49.87,19485886464,0.007578301741093514,0.9936429420888423,0.012875850000391577,0.00016173417807622677,9
ORLY,"O'Reilly Automotive, Inc.",Consumer Cyclical,93.5,78923726848,0.007331344426785263,0.9938079278808413,0.01249140452608425,0.00010726028776667819,9
RTX,RTX Corporation,Industrials,204.92,275061571584,0.007054844728807076,0.9939923320296348,0.01206123470411147,4.5898763380925076e-05,9
CEG,Constellation Energy Corporatio,Utilities,294.84,106817609728,0.006990314724328761,0.9952907711681106,0.010914672084236576,0.001496214420457821,9
ROK,"Rockwell Automation, Inc.",Industrials,398.79,44837228544,0.006927557503350303,0.9942351262228379,0.011731618984318707,0.000201871429994537,9
HAL,Halliburton Company,Energy,35.11,29549510656,0.006817453720815032,0.9942378604633014,0.011619236668063797,9.495759466675847e-05,9
HOLX,"Hologic, Inc.",Healthcare,75.43,16839363584,0.006776099370372577,0.9950607445315053,0.010892145594118208,0.0010136346571286944,9
KLAC,KLA Corporation,Technology,1496.0,196562927616,0.006748109666188204,0.9953618312075211,0.010613250326587262,0.0013369127416295238,9
VRTX,Vertex Pharmaceuticals Incorpor,Healthcare,476.9,121148907520,0.006692020883522591,0.994379624124837,0.011375667446158401,0.00013491569583245824,9
ULTA,"Ulta Beauty, Inc.",Consumer Cyclical,682.89,30619670528,0.006644548621103809,0.994409045215946,0.011303677607815515,0.00012176803970741927,9
VMC,Vulcan Materials Company (Holdi,Basic Materials,305.29,40338243584,0.00657388215683262,0.9944337742265149,0.011212403634736872,7.995208776666535e-05,9
SYK,Stryker Corporation,Healthcare,380.23,145509711872,0.006554959483684873,0.9948644987900168,0.010834543825337564,0.0005635414053711081,9
GD,General Dynamics Corporation,Industrials,351.42,95020376064,0.006455751754336959,0.9944806062291041,0.011055246563416898,1.6459021625045212e-05,9
DLR,"Digital Realty Trust, Inc.",Real Estate,175.68,61453643776,0.006339588375877257,0.9945834946507189,0.010853342833611486,2.0332135049337688e-05,9
CBOE,"Cboe Global Markets, Inc.",Financial Services,288.68,30208776192,0.00613549101513451,0.9948057859693357,0.010464002707354753,7.557464602617073e-05,9
VST,Vistra Corp.,Utilities,171.4,58074689536,0.006108546837509128,0.9948958517217151,0.010362003736079813,0.00015370717951016934,9
CB,Chubb Limited,Financial Services,331.62,130509332480,0.006062517924144985,0.9948341707190876,0.010367375658238573,3.571709641396305e-05,9
CNC,Centene Corporation,Healthcare,43.24,21263572992,0.005898108359457442,0.9950957244587462,0.009985004643835593,0.0001764535613280306,9
GNRC,Generac Holdlings Inc.,Industrials,229.19,13449800704,0.005829852073444914,0.9950568166293323,0.009949171549001271,6.280480766601605e-05,9
FRT,Federal Realty Investment Trust,Real Estate,107.45,9327222784,0.005750864836263459,0.9951443265717466,0.00979725935980796,8.591250330115817e-05,9
EQIX,"Equinix, Inc.",Real Estate,928.11,91191377920,0.0056359204145072115,0.9954146716325779,0.009457027387358988,0.00028637065251472594,9
TT,Trane Technologies plc,Industrials,467.12,103578722304,0.005568438010626511,0.9952622226493901,0.009516585802801443,4.103110158160857e-05,9
ROL,"Rollins, Inc.",Consumer Cyclical,61.35,29515008000,0.0055600255702654994,0.9953608178021254,0.009426010735161017,0.0001476463394117749,9
O,Realty Income Corporation,Real Estate,66.14,60723515392,0.005440476787996136,0.9953806574923623,0.00928992887769424,5.124386241879017e-05,9
TSN,"Tyson Foods, Inc.",Consumer Defensive,63.86,22483763200,0.005436067950832935,0.995431710565974,0.009242975812521297,0.00010639694446922925,9
HWM,Howmet Aerospace Inc.,Industrials,258.1,103885250560,0.0053701419362359995,0.9954365580849741,0.009173010198757593,4.612636870576911e-05,9
MSI,"Motorola Solutions, Inc.",Technology,462.76,77074989056,0.005308987210806883,0.995456452754893,0.00909527658172937,8.182091515398604e-06,9
UNH,UnitedHealth Group Incorporated,Healthcare,290.0,262693191680,0.005268926502953824,0.9955023594856898,0.009016960264878972,2.1679236258616136e-05,9
MTCH,"Match Group, Inc.",Communication Services,31.83,7659002880,0.00513689122167643,0.9958599516289923,0.008586931530849478,0.00030683478883416186,9
CSCO,"Cisco Systems, Inc.",Technology,79.2,312926666752,0.005135928933904748,0.9957372258170741,0.008688240753009675,0.0001626923871578502,9
AXON,"Axon Enterprise, Inc.",Industrials,433.91,34468622336,0.005109038239587721,0.9956950175544393,0.00869652361088826,8.655871976696662e-05,9
AMGN,Amgen Inc.,Healthcare,374.75,202015604736,0.005041965580504762,0.9961731610789473,0.008230998014715335,0.0005773201726099618,9
RSG,"Republic Services, Inc.",Industrials,219.5,68531367936,0.0048029666705406305,0.9959063852059599,0.008214312332240707,2.7082744160524898e-05,9
STLD,"Steel Dynamics, Inc.",Basic Materials,193.39,28467896320,0.0047451410341765995,0.9966424144888356,0.0075431289601469295,0.0008279579378181375,9
TMUS,"T-Mobile US, Inc.",Communication Services,215.46,240993452032,0.004705314206527545,0.996041786638644,0.008003825340990891,8.73986182788592e-05,9
EME,"EMCOR Group, Inc.",Industrials,812.79,36385247232,0.004677794071189719,0.9960236025863044,0.00799145858260268,3.866375521157385e-05,9
TDY,Teledyne Technologies Incorpora,Technology,668.72,31397062656,0.00467073113274987,0.9960045060965603,0.008000309385616225,9.321578736973442e-06,9
STE,STERIS plc (Ireland),Healthcare,250.65,24600547328,0.004560469784985836,0.9961370097230478,0.007779628349112738,5.3647795208172636e-05,9
NWSA,News Corporation,Communication Services,23.65,13748874240,0.00443250862177809,0.9980264377200841,0.006077143855041315,0.002130019295209574,9
AEE,Ameren Corporation,Utilities,110.05,30417821696,0.004367612389167881,0.9963197625460627,0.007434476934115662,7.4002026240989e-05,9
SYY,Sysco Corporation,Consumer Defensive,90.13,43166019584,0.00435633635293872,0.9962924791984892,0.007445937020864437,3.0895417842715473e-05,9
RL,Ralph Lauren Corporation,Consumer Cyclical,385.03,23348473856,0.004354234651280916,0.9963281946745051,0.007414072422526699,7.046177153681764e-05,9
ZBRA,Zebra Technologies Corporation,Technology,255.41,12939131904,0.004344631418207493,0.9984465854536873,0.005639143540134819,0.002532314447509236,9
WST,"West Pharmaceutical Services, I",Healthcare,241.12,17371105280,0.004262597388568727,0.9974029558724251,0.006426800828214483,0.0012327125730646673,9
WEC,"WEC Energy Group, Inc.",Utilities,114.34,37213265920,0.004256828314577767,0.9963732814418957,0.007279093779664613,2.565666345618231e-05,9
AMAT,"Applied Materials, Inc.",Technology,375.38,297947168768,0.004157077816074622,0.9965669663341573,0.00701793920427688,0.00015187187259146272,9
LII,"Lennox International, Inc.",Industrials,561.01,19676182528,0.004079313518276145,0.9967611673753661,0.006778340705471054,0.00030067545620327484,9
AEP,American Electric Power Company,Utilities,129.37,69971247104,0.00403615610329716,0.9965906678399646,0.0068772662366599355,5.860191658927467e-05,9
ATO,Atmos Energy Corporation,Utilities,180.97,29939486720,0.0038342586392581535,0.9967312962015117,0.006558178471331744,2.0770874355126844e-05,9
FICO,Fair Isaac Corporation,Technology,1350.45,32035555328,0.0037478038405213796,0.9972202557842327,0.0060642573536608185,0.000504768922126164,9
HD,"Home Depot, Inc. (The)",Consumer Cyclical,382.25,380534259712,0.003723190331209739,0.9969192495425839,0.006290482379056444,0.00012898146422435234,9
HRL,Hormel Foods Corporation,Consumer Defensive,24.99,13747180544,0.003618675997767083,0.9970659037196293,0.006063756231409318,0.00019556367066795433,9
BRK.B,BRK.B,Unknown,0.0,0,0.003569094153392519,0.9973999910726257,0.005735768259537752,0.0005357504047891927,9
PNW,Pinnacle West Capital Corporati,Utilities,98.34,11770353664,0.003516286379276045,0.9970314356804075,0.005990089978936406,5.296133975154043e-05,9
SNDK,Sandisk Corporation,Technology,649.97,95914278912,0.003409072429255584,0.9971188811566103,0.00581000479874704,4.7767111967545795e-05,9
EG,"Everest Group, Ltd.",Financial Services,342.48,14376644608,0.0033603213441236357,0.9982204961962967,0.0048432411805430535,0.0012842335731364505,9
FIS,Fidelity National Information S,Technology,49.13,25664460800,0.003304235484831094,0.9972404530426717,0.005603857949271281,8.476403461483295e-05,9
TRMB,Trimble Inc.,Technology,67.62,16091470848,0.0032073013720891642,0.997277919436942,0.005475701841304169,3.15407151881578e-05,9
FE,FirstEnergy Corp.,Utilities,50.2,28998809600,0.00317387812684966,0.9973412066351083,0.005389539264259415,7.195253447600303e-05,9
NOC,Northrop Grumman Corporation,Industrials,723.56,103266525184,0.0029308322269471923,0.9976294117445158,0.00490632243985066,0.00016514592888233835,9
CMI,Cummins Inc.,Industrials,593.28,81970806784,0.0028274468377676555,0.9975853819024719,0.004839628585707753,1.0392390651520362e-05,9
HCA,"HCA Healthcare, Inc.",Healthcare,532.3,119034101760,0.0027981480809629693,0.9976272383502108,0.004775449455787244,2.99261562089847e-05,9
SRE,DBA Sempra,Utilities,93.55,61058359296,0.002791364897606117,0.9976255782233624,0.0047700497114707896,2.120615819557612e-05,9
APH,Amphenol Corporation,Technology,151.04,185660620800,0.0027549477144580632,0.9979858701978489,0.004433389216250661,0.00040512961194842705,9
ALL,Allstate Corporation (The),Financial Services,206.37,54003253248,0.0027146185888591375,0.9991022688668176,0.0034627278665111385,0.001667265600146337,9
COO,"The Cooper Companies, Inc.",Healthcare,84.07,16713866240,0.002548377380871756,0.997844565629344,0.004344572689751773,3.370394843973226e-05,9
COST,Costco Wholesale Corporation,Consumer Defensive,985.27,437418196992,0.002490225791241774,0.9979698118265588,0.004182049269109519,0.00012167292222693159,9
MCK,McKesson Corporation,Healthcare,947.48,116944281600,0.0024799185993760278,0.9979082936482376,0.00422300722584465,3.959452231995724e-05,9
CRWD,"CrowdStrike Holdings, Inc.",Technology,388.6,97965449216,0.002404976274711612,0.9979646474335079,0.004101103413455036,3.0398280470818224e-05,9
MPWR,"Monolithic Power Systems, Inc.",Technology,1204.1,58650505216,0.002391220001927284,0.9980460321259607,0.004019526563626713,0.00011159081554808369,9
PEG,Public Service Enterprise Group,Utilities,85.57,42712604672,0.0023819239976321533,0.9980373575978837,0.004017459332729079,9.217452849645759e-05,9
LLY,Eli Lilly and Company,Healthcare,1009.52,952338219008,0.002311584628417793,0.9980373742673532,0.003947106072290177,2.1854606996455023e-05,9
ETN,"Eaton Corporation, PLC",Industrials,373.38,145356832768,0.0021631904400520653,0.9985919632110338,0.003336554430857198,0.0005204808529248795,9
COR,"Cencora, Inc.",Healthcare,361.08,70241140736,0.002144639787728445,0.9988745956639182,0.0030824767344632773,0.0008316680622996799,9
AES,The AES Corporation,Utilities,16.51,11757117440,0.0021442321216820024,0.9981892404674313,0.0036531983988226167,3.167933368514293e-05,9
AON,Aon plc,Financial Services,325.07,69869010944,0.002079378507732152,0.998271181609831,0.0035200604995397167,6.24237192015616e-05,9
GEV,GE Vernova Inc.,Industrials,830.34,225288224768,0.001920134891300696,0.9983811285617127,0.0032691944232067817,3.1451546632176455e-05,9
CPAY,"Corpay, Inc.",Technology,352.7,24905693184,0.001913782522086174,0.9989887946000755,0.0027564536886898906,0.0007340428888409708,9
GWW,"W.W. Grainger, Inc.",Industrials,1127.07,53910286336,0.0018733795653133388,0.998606596545248,0.0030345491109400264,0.00024774220143597637,9
MAR,Marriott International,Consumer Cyclical,347.93,92196077568,0.0017761136596540672,0.9985320620637419,0.002999395273202492,6.351940068627275e-05,9
ACGL,Arch Capital Group Ltd.,Financial Services,98.49,35715031040,0.0013698272765488774,0.9988642948422132,0.0023162482413712354,4.4837925797576416e-05,9
CI,The Cigna Group,Healthcare,280.31,74878042112,0.001340751186256132,0.9992602929096216,0.0019571737615714413,0.0004777595808146997,9
VICI,VICI Properties Inc.,Real Estate,30.09,32160534528,0.0010388252278359196,0.9991253999926838,0.0017676585672661337,1.845855263361956e-05,9
NI,NiSource Inc,Utilities,46.37,21943791616,0.0009558680586008264,0.9992032803126413,0.0016198011313997525,2.6361756682329558e-05,9
REGN,"Regeneron Pharmaceuticals, Inc.",Healthcare,779.67,82426560512,0.0009497538529612948,0.999206852362965,0.0016107102171571419,2.441494308710885e-05,9
