symbol,price,prob_1pct,prob_3pct,prob_5pct,prob_10pct,prob_1mo,probability,recommendation,timestamp
ADI,317.625,0.6674620051773689,0.6528204152172151,0.8366441953832983,0.6115305011691478,0.44100378560315606,0.6588103995306301,HOLD,2026-01-28 15:11:32
DAL,65.83,0.846660646727461,0.6880135638839453,0.865190604154684,0.7490430300322359,0.1081235135186739,0.6532592674061223,HOLD,2026-01-28 15:12:46
CEG,287.95,0.952337585011677,0.7916129754811919,0.862626077275599,0.6121251962620542,0.07690951000783522,0.6501511180340638,HOLD,2026-01-28 15:12:31
DXCM,73.36,0.8911907112990497,0.7993040451029804,0.8332564273449629,0.35870007577887764,0.3700532836795261,0.6447074802456707,HOLD,2026-01-28 15:12:47
SMCI,31.21,0.8141824840654763,0.801202837297995,0.8852862308184273,0.4939653344246306,0.151535870304305,0.636344926057462,HOLD,2026-01-28 15:15:51
HUM,194.01,0.7845442654019408,0.5952751253903741,0.8695944616890665,0.8242396368941698,0.05110223728067295,0.6334561649599574,HOLD,2026-01-28 15:13:50
INCY,101.18,0.8170174543949206,0.7777968235601794,0.8513123984017964,0.4187619512582108,0.26066412523879784,0.6285400449714686,HOLD,2026-01-28 15:13:54
BBY,65.56,0.9343939425223685,0.7949179008746428,0.7715118976757575,0.5776075125855415,0.09309798878443652,0.6180176440038883,HOLD,2026-01-28 15:11:50
DLTR,119.1,0.7779859212411916,0.7507895508972754,0.8035179396505845,0.5243662918526276,0.20415630584917374,0.6147164037391099,HOLD,2026-01-28 15:12:50
AXON,549.86,0.7893046208695231,0.6874127426311214,0.7447863880735256,0.48106318971165896,0.36843809015001805,0.6097491830075696,HOLD,2026-01-28 15:11:46
INTU,538.7,0.9709729113629587,0.7054730679578077,0.8053346746585517,0.5675855418877971,0.07977734139354405,0.6092648837816913,HOLD,2026-01-28 15:13:59
TTD,31.87,0.8800583893962544,0.7536167707716439,0.9209800198860526,0.4346481143281578,0.03493187572301984,0.6089391970700055,HOLD,2026-01-28 15:16:03
LII,487.49,0.5412024194209513,0.7784129709149928,0.6705857984962084,0.6680600169486591,0.2721078801725984,0.5990121550982077,HOLD,2026-01-28 15:14:19
ODFL,172.72,0.8698402352162515,0.7410828386936688,0.864646737666449,0.2619096678652237,0.23516399054803647,0.5940093442429456,HOLD,2026-01-28 15:15:01
HWM,210.84,0.49467303401323337,0.6042762613304993,0.7251377785969544,0.6599293913329316,0.36494154179543187,0.5928380758721823,HOLD,2026-01-28 15:13:48
MRNA,45.3,0.7339925845364065,0.5970922284407607,0.8491733561514141,0.4283893523742948,0.2964743508609598,0.5925424516342679,HOLD,2026-01-28 15:14:38
JBL,243.62,0.6712171369949061,0.719699819262644,0.8058937975419916,0.4725785177369124,0.2234154811906944,0.5920286166001384,HOLD,2026-01-28 15:14:04
HOOD,103.4,0.9816624852100906,0.7127729172940442,0.901872874011797,0.33962905104731766,0.06286889958469791,0.5917822843097601,HOLD,2026-01-28 15:15:32
APP,542.36,0.8855487075316509,0.6561250128360628,0.6898510691643911,0.5028699746384324,0.28510399462426517,0.5843299879222345,HOLD,2026-01-28 15:11:36
SNDK,527.63,0.9203710166986026,0.7389800145443073,0.8090936310938145,0.4949416491530273,0.008717687917415945,0.5832930613209547,HOLD,2026-01-28 15:15:37
CVNA,410.04,0.7596725025174259,0.8615173546190317,0.9051471860912051,0.23659918898741608,0.056756868989695564,0.578486088598333,HOLD,2026-01-28 15:12:06
ARE,54.61,0.9000288155273202,0.7307489847314395,0.7441816354025953,0.3167172054341356,0.26823093012367294,0.5763967962313602,HOLD,2026-01-28 15:11:18
CRL,216.88,0.6842113295659048,0.5519035294347032,0.8453480931839349,0.36987184284354474,0.32925576926084554,0.5722317892195896,HOLD,2026-01-28 15:12:13
BX,146.79,0.8707365642185617,0.7069401800875459,0.8076827258469506,0.4648169424567825,0.029629746553919988,0.5696558479955911,HOLD,2026-01-28 15:11:52
TECH,65.56,0.9302565236253783,0.8043798733144211,0.7251604430159473,0.3263206038050163,0.12563140087900407,0.5618401608670103,HOLD,2026-01-28 15:11:51
GD,356.68,0.7417877085164992,0.6125680698798742,0.8016338612926454,0.5638547575797972,0.052745042940158984,0.5605025033194095,HOLD,2026-01-28 15:13:30
CAT,643.28,0.7901452158898052,0.7638356936686126,0.848825118515863,0.30149093304135943,0.06307545131228565,0.5593424727481909,HOLD,2026-01-28 15:12:07
DECK,97.62,0.7955785209597726,0.7325716185025365,0.8640803901197787,0.22547859453078645,0.13089232448840327,0.556570476636256,HOLD,2026-01-28 15:12:44
ZBH,85.71,0.9717341960274761,0.746976870429458,0.9205114395194884,0.10348634158565613,0.06539907906292286,0.5564993096742016,HOLD,2026-01-28 15:16:40
GE,292.48,0.8364191929172441,0.796713693285503,0.769411745891783,0.36156209898294334,0.04578820367220074,0.5552782422473886,HOLD,2026-01-28 15:13:27
TROW,105.25,0.7836596906693135,0.6336806008412251,0.8067725807707496,0.1562480832699233,0.36691817178274144,0.5517671144769343,HOLD,2026-01-28 15:15:54
EXPE,265.76,0.793179871385223,0.619155066038091,0.7378891025610216,0.5069339217669889,0.12382287459095752,0.5506670903860362,HOLD,2026-01-28 15:13:12
A,133.87,0.8977677271835866,0.6676008068348829,0.7789453779292174,0.24782189743726976,0.21028310347692367,0.5486015476469391,HOLD,2026-01-28 15:11:15
BA,241.59,0.9285854861250066,0.6141381791827615,0.6693785490957724,0.27543360706504116,0.3802228228943129,0.5476310351696555,HOLD,2026-01-28 15:11:54
CTSH,83.3,0.7238265407577817,0.6432870251685843,0.7184263514209263,0.35937166940377596,0.2913942015360086,0.5467211387237298,HOLD,2026-01-28 15:12:24
CPAY,317.64,0.7011293224686489,0.7625945307915769,0.8585015989546553,0.15602921246009713,0.16573017331954049,0.5445341952475043,HOLD,2026-01-28 15:12:33
INTC,48.78,0.9610046312232181,0.7610615915308165,0.7564505246979337,0.2851011839939627,0.0570169972403872,0.5436715750847353,HOLD,2026-01-28 15:13:56
EL,114.62,0.7257338955571052,0.6317850494128183,0.7772155893276629,0.35974310381665486,0.19757156297087436,0.5435580095940789,HOLD,2026-01-28 15:13:08
TPL,354.78,0.9297428829278459,0.5777372626189402,0.8201597989978423,0.43222053151710926,0.00960321783931644,0.5429344303872105,HOLD,2026-01-28 15:16:00
COF,218.41,0.9751641302436935,0.7373012687143119,0.9015310567568561,0.08998933814749607,0.046813402037414825,0.5427965318312707,HOLD,2026-01-28 15:12:04
LDOS,187.77,0.8832933412538769,0.6172254537959266,0.7618022106208204,0.43538751774833295,0.07596805166057832,0.5425862019526014,HOLD,2026-01-28 15:14:18
ACN,270.43,0.7645162031559567,0.7189249871312009,0.8031515590233349,0.3480221861825318,0.03211135183472632,0.537208793052288,HOLD,2026-01-28 15:11:11
PLTR,157.35,0.9695150690849478,0.6244760140777212,0.8900493979828737,0.15232884147148043,0.0861730595231315,0.5365619093178234,HOLD,2026-01-28 15:15:06
TPR,126.0,0.8343058329789885,0.5624711483216176,0.7715241442986512,0.4055478690229345,0.13627738288856908,0.5357471066341184,HOLD,2026-01-28 15:15:55
COIN,209.43,0.8445867089911955,0.7778081949039719,0.8213610415945527,0.2163372767545824,0.025550390079619106,0.53480615572512,HOLD,2026-01-28 15:12:25
CSGP,65.2,0.6700876855602595,0.6991470523269064,0.8106307225685184,0.3896486771421772,0.02958132319517384,0.533873395859433,HOLD,2026-01-28 15:12:35
WDC,279.7,0.9654257262621178,0.6123621519750935,0.7594895258602599,0.37473287403418093,0.05979986610227556,0.5337684088065998,HOLD,2026-01-28 15:16:32
AMD,252.74,0.7723556995000587,0.6248551886004248,0.7791225707029855,0.4294825614005602,0.04847011259021163,0.5315339136791408,HOLD,2026-01-28 15:11:12
TRMB,70.07,0.9926965833862829,0.702461739011382,0.9451454977822318,0.02118473635147702,0.003856114001078035,0.5283138255460852,HOLD,2026-01-28 15:16:06
UBER,79.78,0.8060300113093621,0.6825448677601157,0.7953108323773631,0.3314498576328288,0.031563861059833755,0.5283079681347008,HOLD,2026-01-28 15:16:09
SYF,73.42,0.957928493893069,0.6985590589981883,0.9244088064321712,0.025641714554406402,0.03702860409426193,0.5253613668483296,HOLD,2026-01-28 15:15:52
EBAY,95.17,0.925732304100398,0.7687165208005496,0.6607366872945383,0.09188356437447728,0.30909080210749046,0.5247324140549048,HOLD,2026-01-28 15:12:57
MOS,28.14,0.8593962558010991,0.7803335843652359,0.7831115621667737,0.152240139488334,0.06373410380559665,0.5201346597619753,HOLD,2026-01-28 15:14:45
BIIB,174.83,0.7767849104916783,0.6093578853446953,0.7934605703784638,0.3119038798096667,0.0957723415502724,0.5191234835036339,HOLD,2026-01-28 15:11:51
FIS,56.19,0.9818713107412476,0.5075096894897437,0.9564365951445424,0.045822142559181885,0.10878336748265002,0.5175411495238026,HOLD,2026-01-28 15:13:18
SNPS,511.35,0.4453107265324575,0.6080866048956941,0.8230379417773392,0.44431827741067936,0.0767343777418485,0.5172703071960919,HOLD,2026-01-28 15:15:52
FFIV,292.3,0.7912284885823949,0.6884260401445425,0.8353469478057316,0.22516351911211407,0.02289884467238986,0.5170246139857683,HOLD,2026-01-28 15:13:14
BLDR,117.09,0.8943751961666307,0.5426648075911805,0.7406234966791571,0.40005790526915735,0.0753414752642028,0.5152374062453183,HOLD,2026-01-28 15:11:59
PRU,107.69,0.8974731621494,0.6186068504766894,0.8092357063381389,0.20815315763692543,0.08444305399773766,0.5147586405386522,HOLD,2026-01-28 15:15:20
IT,225.98,0.8472707068898745,0.5671969580080415,0.7194678626277607,0.383868850541496,0.10776558254511541,0.5123337076962462,HOLD,2026-01-28 15:13:27
SOLV,76.6,0.8923016244956601,0.6201299850536314,0.6757087896762405,0.41141785629342537,0.06872270427559125,0.5119969084769678,HOLD,2026-01-28 15:15:45
ON,64.93,0.9532164199231755,0.7635420944611013,0.7557571456306342,0.17827116871516377,0.007893675745856588,0.5119901734659321,HOLD,2026-01-28 15:15:02
ABT,106.05,0.9700855376300878,0.7178085040415282,0.8794181851829073,0.02918135617476988,0.008145390590701624,0.511861059479281,HOLD,2026-01-28 15:11:10
LUV,40.86,0.8385486464803078,0.7246060389443312,0.7543199134782672,0.2246439583630783,0.05565438550193673,0.5111317152533801,HOLD,2026-01-28 15:15:46
LRCX,239.58,0.9492704580187633,0.4700289651643086,0.7631054102499389,0.43334527300389497,0.0315185658931547,0.5108372296891297,HOLD,2026-01-28 15:14:16
MU,435.28,0.9230192512212805,0.5471547610176124,0.7257935780530099,0.4456082551761931,0.0011478920717300735,0.5088221801911381,HOLD,2026-01-28 15:14:37
IQV,239.76,0.7401853285944886,0.695027280669284,0.7484253299337813,0.2948478413128252,0.05086813000243831,0.5066947822364928,HOLD,2026-01-28 15:14:02
UAL,104.91,0.9269165861205761,0.6143892001418868,0.8189471779005165,0.15800644780745846,0.06797223601070203,0.5064493887742221,HOLD,2026-01-28 15:16:12
AXP,356.99,0.8030897981126488,0.6314381500219651,0.7834741514986722,0.2419075390946074,0.08085518678287584,0.5061914004407563,HOLD,2026-01-28 15:11:27
APO,132.89,0.8512187034762562,0.5428435441566533,0.925068314016937,0.03805196628942614,0.13015536997483806,0.5048525406368901,HOLD,2026-01-28 15:11:34
VRTX,477.91,0.7360362103837276,0.6373821819193106,0.5838768296883402,0.2967250733152993,0.34233186339316923,0.5040544936704306,HOLD,2026-01-28 15:16:19
ALGN,164.92,0.8153623115503935,0.5453469893625793,0.8342489505945561,0.12292230413442058,0.1846917493264661,0.5024031248980994,HOLD,2026-01-28 15:11:19
WDAY,189.12,0.9531492945632976,0.6452056995180312,0.8824571861509023,0.03712033341124934,0.028949545460530184,0.5023072009795626,HOLD,2026-01-28 15:16:36
XYZ,64.22,0.6551014738715888,0.6795799232629691,0.826698330074286,0.1591761407734004,0.09780091193146637,0.5008310416030118,HOLD,2026-01-28 15:11:53
BKR,56.63,0.8146060365475912,0.7358990016461002,0.6029375620681067,0.3864182157317213,0.06900506687278599,0.5006063291253127,HOLD,2026-01-28 15:11:46
TXT,86.79,0.6542880419415921,0.5913814350150696,0.7257884739601008,0.23146799650221836,0.25894499688150086,0.4995242320619472,HOLD,2026-01-28 15:16:01
LULU,180.35,0.9693087728394976,0.5749360184635781,0.9021330120533996,0.021151507812716925,0.06121767247405826,0.4990318206500403,HOLD,2026-01-28 15:14:24
SWKS,55.28,0.7863572355918012,0.6469136768343792,0.7300505640656675,0.33461829012194705,0.017603102362973834,0.4974779066427404,HOLD,2026-01-28 15:15:42
WST,235.89,0.9511756486183865,0.6753567573827387,0.8544599420323948,0.0364643359873011,0.0027425848147554395,0.49436828310851616,HOLD,2026-01-28 15:16:31
MCO,516.62,0.6749895408589369,0.6308909199626259,0.6701014118773679,0.38426518131131654,0.11093741727187816,0.49374808135826825,HOLD,2026-01-28 15:14:43
AOS,69.49,0.6345933658395324,0.600686963801802,0.7568878301616346,0.2390197323937657,0.14907514274956052,0.48828205342146924,HOLD,2026-01-28 15:11:09
UPS,103.7,0.7334580847185553,0.6879383731765841,0.7643654415160279,0.19122195233320946,0.04882168344283682,0.48825184271718997,HOLD,2026-01-28 15:16:13
PHM,123.27,0.692340855072501,0.6423838452231001,0.7209492629281335,0.3086996203619653,0.060924416442861166,0.4879204407912755,HOLD,2026-01-28 15:15:22
DIS,109.56,0.8600011624318958,0.5842283457430968,0.6261163487994267,0.20507289377844237,0.2800020404485786,0.4876956768770412,HOLD,2026-01-28 15:16:26
SPGI,528.12,0.8027571322482029,0.7098336772701144,0.7231192910195342,0.18975963207335098,0.049525742274570496,0.4870353108542877,HOLD,2026-01-28 15:15:36
ALB,184.33,0.8369295682464558,0.6533855233113272,0.6779566834507104,0.28355577127310755,0.06270115103434705,0.487008450983615,HOLD,2026-01-28 15:11:18
TEL,221.77,0.7335091166576189,0.6466511742958788,0.6886187578216836,0.10769691617062063,0.27658659815651837,0.4861234767368705,HOLD,2026-01-28 15:15:57
ARES,149.8,0.7466151766877089,0.573917325164822,0.9189023959745523,0.07228355312848403,0.025058678520613303,0.48458414782392045,HOLD,2026-01-28 15:11:38
VST,165.64,0.612729445922824,0.6362712478084595,0.8343224816778914,0.14660642369628693,0.08011363584286567,0.4841679505651722,HOLD,2026-01-28 15:16:22
RVTY,111.13,0.7405636737039599,0.6230019551223516,0.6767557245319133,0.19187794223781954,0.2119539870061764,0.4824498616032395,HOLD,2026-01-28 15:15:31
MPC,172.01,0.662762636169133,0.5745954273433876,0.7960841915025746,0.12251286041361993,0.1870228457013511,0.4819277477593574,HOLD,2026-01-28 15:14:26
RCL,291.6,0.6714630824759266,0.6061397781130871,0.7120943070364093,0.31754035935563385,0.078750516017957,0.48126073105585104,HOLD,2026-01-28 15:15:35
EPAM,218.35,0.6200379048425002,0.6086181116981527,0.8528564077564409,0.18141376727545128,0.020299793724261373,0.47992704735075536,HOLD,2026-01-28 15:13:03
QCOM,152.7,0.9742091293203299,0.5923492210679631,0.8369982075653188,0.037099965301566264,0.016943775332028104,0.4777989675419401,HOLD,2026-01-28 15:15:23
HPQ,19.05,0.895473870149984,0.6664873223886539,0.8297945158298098,0.003357822307552732,0.02504159232123998,0.4774630891674307,HOLD,2026-01-28 15:13:48
ADBE,299.58,0.9730324840298499,0.5987291744875399,0.8534352003411475,0.017054315860396633,0.003514271653964548,0.4771933609057095,HOLD,2026-01-28 15:11:12
NEM,131.95,0.9078335988963461,0.7536342890110962,0.7207488322019345,0.06313028355212752,0.0334643044258999,0.47705378494803974,HOLD,2026-01-28 15:14:50
GDDY,103.35,0.9604984125548027,0.5522069254023761,0.8741857074223726,0.016794376958736878,0.02018693083842171,0.476143200122099,HOLD,2026-01-28 15:13:35
IP,41.49,0.8661276365141972,0.617740410429701,0.7087328619803358,0.2363560857220375,0.02657297134392118,0.4753665157446524,HOLD,2026-01-28 15:13:59
AMGN,342.22,0.6631155087471479,0.6083854079914682,0.6020279818585884,0.2731364352269423,0.24968376472452375,0.4731610670208781,HOLD,2026-01-28 15:11:31
LYB,50.47,0.8688788944128563,0.5621096768816253,0.5880223195052695,0.4160065657734468,0.06206072886164556,0.47132997959621,HOLD,2026-01-28 15:14:25
FISV,64.95,0.7846067829059495,0.648054166357294,0.6947362288464334,0.18559694062187382,0.08816449012489389,0.47124466636533735,HOLD,2026-01-28 15:13:21
CDNS,320.49,0.7004869360030928,0.5935509174691797,0.7580552787472886,0.22394161877468177,0.04570109776898798,0.47010400402706576,HOLD,2026-01-28 15:12:02
VLO,184.02,0.5699027093822798,0.5398156829171906,0.748816543891138,0.2932562453159194,0.1081279949347294,0.4698752187391373,HOLD,2026-01-28 15:16:15
EOG,111.02,0.7807157514431082,0.642858002921691,0.6570733258096261,0.1503898625554978,0.1768255177456031,0.469208249531757,HOLD,2026-01-28 15:13:03
AMCR,44.19,0.6865399861728441,0.7658877096022596,0.7695729721118358,0.06995982603984033,0.010059248285690233,0.46870724703639316,HOLD,2026-01-28 15:11:25
CF,93.17,0.7256709602635916,0.5899324082693065,0.6267127513797136,0.35740923104422223,0.0823089070178934,0.46651103070655764,HOLD,2026-01-28 15:12:12
ORCL,172.8,0.9248299355592867,0.5307374163378006,0.8198871200584708,0.04641256194528699,0.059753599779082185,0.46582984518590387,HOLD,2026-01-28 15:15:03
NXPI,240.03,0.6317949845518024,0.6207005639528386,0.7040979866657817,0.24791435974993575,0.08535070820832721,0.4652020208371351,HOLD,2026-01-28 15:14:59
ABNB,131.55,0.8627977367893092,0.645164122502463,0.6916263568988952,0.10958183749622818,0.09733423883318643,0.464183720514975,HOLD,2026-01-28 15:11:16
CMI,577.86,0.8310046687528284,0.6876588353723526,0.7298050861153181,0.09489051307781121,0.02404692966076342,0.4633612483320638,HOLD,2026-01-28 15:12:39
GOOGL,336.01,0.7109437569855079,0.6422954795870043,0.6178102226635368,0.2954070878863526,0.09521894685658826,0.4630217453636009,HOLD,2026-01-28 15:11:22
PKG,217.61,0.7466508178563587,0.6849821179894882,0.6963578685079647,0.14453500459663476,0.06597351416918644,0.46267056968908715,HOLD,2026-01-28 15:15:05
C,114.2,0.6742488766925903,0.627075772600828,0.7413461573273493,0.21391936636107928,0.022317200719034796,0.4624912028036523,HOLD,2026-01-28 15:12:20
JBHT,205.06,0.7694465085551021,0.6232634299320093,0.7156481689221758,0.20672486546251637,0.023809598817870845,0.46239868037464227,HOLD,2026-01-28 15:14:03
STX,442.93,0.8975768825004156,0.46764154970084004,0.591906589995812,0.49958920836367143,0.003382892597507439,0.46145239538118893,HOLD,2026-01-28 15:15:39
ROP,360.37,0.8842675767201059,0.5549396686448475,0.8646950688742928,0.011299485918168616,0.0014221420284715421,0.46136753765259597,HOLD,2026-01-28 15:15:34
TJX,147.79,0.8085227964383372,0.5120716526429911,0.7185985124114133,0.306345391046644,0.006245133983385444,0.46136426890186183,HOLD,2026-01-28 15:16:02
PWR,481.28,0.716631533713362,0.6364253157000284,0.5068429834345815,0.4405676523270568,0.10915769092962205,0.4609461801930521,HOLD,2026-01-28 15:15:23
SLB,48.87,0.9107546504363428,0.6633916730356362,0.6208153746982569,0.16961266737679453,0.08141105088034208,0.46020315571166587,HOLD,2026-01-28 15:15:38
IDXX,687.74,0.731744923425093,0.5780214161908398,0.658760617964693,0.18001046715030758,0.18848498907216896,0.46010605221458045,HOLD,2026-01-28 15:13:53
LMT,597.27,0.895190249023317,0.7537836317637227,0.6338418752245298,0.1394075924558913,0.004046807833861878,0.4591191938803858,HOLD,2026-01-28 15:14:22
PODD,258.2,0.9366700300887343,0.5268575896921356,0.7790027684903011,0.117748201228269,0.013063074708719091,0.45890160668178853,HOLD,2026-01-28 15:13:56
FTV,52.8,0.8610605381271201,0.7015990552246609,0.651591672002187,0.05701770767583303,0.12059260279320633,0.45742542855210816,HOLD,2026-01-28 15:13:23
WSM,205.72,0.6868919347231828,0.5903686783300259,0.6940604502979648,0.2692577671631558,0.04283167155436867,0.4573989519712178,HOLD,2026-01-28 15:16:33
EFX,205.33,0.8622531864297515,0.5848467610776736,0.6339446145745459,0.10169853882720226,0.2107660805931206,0.45587097911493824,HOLD,2026-01-28 15:13:05
HAL,33.36,0.7813683438043791,0.6691442721950183,0.6297902475425109,0.08337017825973961,0.18361978321751674,0.45430075537764614,HOLD,2026-01-28 15:13:36
GEHC,79.26,0.7427214512621817,0.6022822029423064,0.7658675151931518,0.09043689296602009,0.05670567126315011,0.453917353118459,HOLD,2026-01-28 15:13:28
GOOG,336.28,0.6053697476304372,0.6035757136833156,0.5385038423963084,0.43013503811294274,0.12279012797394497,0.45338830343597686,HOLD,2026-01-28 15:11:22
HUBB,485.73,0.47502505304557746,0.5603074567795446,0.7366418403881073,0.17075084514833472,0.1916883288978676,0.4530443835861393,HOLD,2026-01-28 15:13:49
TYL,419.12,0.8366828198773286,0.36407750123916577,0.6921220044522972,0.2696663945131454,0.17307559535631167,0.45266878154514667,HOLD,2026-01-28 15:16:08
STLD,174.38,0.6469043054508066,0.5491884166707262,0.5702583668359523,0.33983774483319584,0.19231941361757485,0.4520370556201657,HOLD,2026-01-28 15:15:49
HSIC,75.08,0.7863936595582351,0.5863213738605398,0.5725874289894767,0.32966617345310395,0.08960844973983556,0.4515347940633624,HOLD,2026-01-28 15:13:40
HPE,21.71,0.8793922990424231,0.721153591994961,0.7160024169154259,0.00465429592652953,0.0018449094448046187,0.44827051445212907,HOLD,2026-01-28 15:13:41
TKO,194.88,0.8767648765389442,0.5600111270595409,0.7087778171187692,0.1348275980758697,0.04460569958682851,0.448198717733973,HOLD,2026-01-28 15:16:03
DE,525.01,0.47522024294897536,0.6442158941194335,0.5250090459978585,0.3425524716018706,0.22265606678287492,0.4469096245950909,HOLD,2026-01-28 15:12:44
FITB,49.69,0.8584714632085566,0.6731036012967659,0.6165736274887695,0.1868866059647448,0.019487676658805787,0.44671481135154983,HOLD,2026-01-28 15:13:19
AMAT,336.75,0.8305464822139593,0.47217679265445095,0.7350855635511044,0.22059978304043198,0.02188660177345694,0.44651295278039527,HOLD,2026-01-28 15:11:35
MDLZ,57.73,0.6108633675750664,0.6724526848583814,0.7352948160893846,0.13490362401583605,0.009487525860608385,0.4450435485312872,HOLD,2026-01-28 15:14:40
RL,352.99,0.7558950854996659,0.5632438764407319,0.6613170708631209,0.1760866948153952,0.11220319493111845,0.44429138304635196,HOLD,2026-01-28 15:15:25
APTV,77.81,0.7922905017269489,0.6192443252215115,0.6842701475599845,0.1196015183880179,0.058054602801514345,0.443890183722899,HOLD,2026-01-28 15:11:36
CHTR,182.81,0.7716590272337047,0.4800049542058365,0.7425566679711937,0.21595298839117863,0.01602779728425688,0.442330051090983,HOLD,2026-01-28 15:12:14
KKR,116.77,0.978325310289151,0.5776022909914387,0.6923412566044926,0.05984873930015274,0.040689779583771415,0.4411630699853355,HOLD,2026-01-28 15:14:12
PSX,142.08,0.7565360798825385,0.5123485101947134,0.7425545396245021,0.11908096978270877,0.07739754905829048,0.440185375682747,HOLD,2026-01-28 15:15:14
AVGO,333.24,0.7192904910675435,0.7275781695677169,0.7104648857138592,0.026507261045287868,0.019378140415052526,0.4397612290265236,HOLD,2026-01-28 15:11:57
HBAN,17.06,0.8702344156475289,0.7021744090120539,0.6636453576130268,0.014359560856663414,0.050198320961934335,0.4394635070147913,HOLD,2026-01-28 15:13:50
PFG,94.05,0.744368646565547,0.6511503571685567,0.48504180611387754,0.28226545211720677,0.163489114421483,0.43933039123216727,HOLD,2026-01-28 15:15:17
KMI,30.07,0.7866711166507931,0.7789182163689545,0.6768556456844174,0.003352504578811599,0.003938497358915753,0.4389656490317409,HOLD,2026-01-28 15:14:11
DHI,150.17,0.6769488843611485,0.6131628392386701,0.7285498544199369,0.13521050287043906,0.012558487562416459,0.4384462106964011,HOLD,2026-01-28 15:12:54
TAP,47.74,0.7792193751287263,0.5571723361779554,0.7231043359198556,0.14066727090952333,0.01972870236494461,0.43836690017931396,HOLD,2026-01-28 15:14:40
CBOE,264.6,0.7401526413500916,0.5393093804467922,0.7104533389825692,0.1451988619737584,0.05183822438290475,0.434420559190471,HOLD,2026-01-28 15:12:08
CMG,39.16,0.5174241784872113,0.5751907894154673,0.743996767741603,0.1829116007851126,0.03337437986567186,0.4332368021844524,HOLD,2026-01-28 15:12:15
XYL,135.52,0.7222462262980972,0.6508126716736454,0.6841661502484111,0.06094337267138289,0.06663834358651557,0.43315334529064187,HOLD,2026-01-28 15:16:38
BXP,64.15,0.6626730576515609,0.458795863735449,0.8367678786523319,0.1101440704531343,0.006467939559678269,0.432379244110508,HOLD,2026-01-28 15:12:01
HAS,89.875,0.8910423854253452,0.5663365901416516,0.6748638722543214,0.05378653380698766,0.08267238528644127,0.4321225020658471,HOLD,2026-01-28 15:13:38
OKE,79.26,0.6630021783376258,0.7000138715488888,0.6940589978015971,0.05281388959174917,0.03212510132078201,0.4315084896665257,HOLD,2026-01-28 15:15:03
BLK,1121.67,0.7091150967914686,0.7151979313089518,0.6515431022439766,0.06848749600955695,0.040174268497325465,0.43114637951550666,HOLD,2026-01-28 15:11:52
HD,375.3,0.8100614378762225,0.5775490197944987,0.37239632603850265,0.18539560736691182,0.4283601512966066,0.43098599729077647,HOLD,2026-01-28 15:13:45
TSCO,55.14,0.6140443266333098,0.6910771558745307,0.7588240433997613,0.010515917509257011,0.007430134962246506,0.4308562873524662,HOLD,2026-01-28 15:16:04
FTNT,82.08,0.8249276939186607,0.6659486958691753,0.5533260506248874,0.024303089128148044,0.22127369967310065,0.43079568151341713,HOLD,2026-01-28 15:13:22
PCAR,123.06,0.8442395509880922,0.5441692962076449,0.6864069070915099,0.09010596259353039,0.060549092569666924,0.42931089750043067,HOLD,2026-01-28 15:15:05
MS,182.34,0.7992304901059013,0.5106449123761968,0.7067247797594371,0.10033161982281519,0.07584505512084252,0.42930480040239216,HOLD,2026-01-28 15:14:44
BDX,201.92,0.5239020822102223,0.5552004943322612,0.6155095584826157,0.3615487383890772,0.04278260431396402,0.4289494431728674,HOLD,2026-01-28 15:11:49
OMC,76.54,0.6153398733254916,0.6649183745552459,0.6885037347147149,0.08307186904069103,0.05403007439229811,0.4284891713446106,HOLD,2026-01-28 15:15:02
NOW,129.62,0.8501292514315223,0.5165015009061743,0.7927544152648422,0.0055283746129726535,0.004599190516186863,0.42816506292967166,HOLD,2026-01-28 15:15:40
MCHP,80.28,0.8514945616879356,0.7430557910492088,0.5601164307252795,0.1253636673535371,0.006076014281284355,0.42808347992318346,HOLD,2026-01-28 15:14:36
AZO,3782.14,0.779853383024374,0.7931745177385052,0.621284742325234,0.010143745833361738,0.013332991049274111,0.4277010119242358,HOLD,2026-01-28 15:11:43
FSLR,249.41,0.8448557202708947,0.6275893954367301,0.655827481832346,0.07439913127022062,0.03017291243110713,0.4276661044044048,HOLD,2026-01-28 15:13:20
NCLH,20.79,0.920501221636762,0.6603432172646023,0.6626567546568887,0.016106451485614712,0.003657559910984578,0.4268685942929831,HOLD,2026-01-28 15:14:56
IBKR,75.45,0.6489787102927234,0.6260693354642116,0.6616619175023947,0.16357096891669853,0.01593722820387693,0.4245119527969482,HOLD,2026-01-28 15:13:57
MET,76.26,0.8383718586613532,0.5933706952275992,0.6296946946259384,0.11247234596299194,0.05054127210703076,0.42402245691344126,HOLD,2026-01-28 15:14:34
CRM,227.96,0.8560051579372268,0.4493558506668621,0.7853509678746623,0.04566469370109417,0.009395055276088027,0.4220889260849302,HOLD,2026-01-28 15:15:37
DRI,196.5,0.8266380776923392,0.627562080351868,0.5763064466242488,0.1146386874554364,0.09005580008188857,0.4220070553343472,HOLD,2026-01-28 15:12:41
GWW,1070.01,0.6184505379617036,0.6914556590472354,0.6785333967546237,0.03315696673889738,0.05722380773363382,0.4217723595265107,HOLD,2026-01-28 15:16:24
ZBRA,236.23,0.6644245257255709,0.6090996569390176,0.672774193627598,0.09523499934676306,0.06035301485893944,0.4212122448897805,HOLD,2026-01-28 15:16:39
EQIX,816.15,0.6903858747639503,0.7117362104401398,0.6387919743713305,0.07181959370795764,0.017176729106424895,0.42082268643869863,HOLD,2026-01-28 15:13:06
GRMN,204.48,0.7520174311686928,0.5421695149631682,0.6215324187280338,0.12382753623909451,0.12309431539161488,0.4194797420540549,HOLD,2026-01-28 15:13:26
ADM,67.4,0.9366085238770973,0.5824356951742146,0.5654441166454143,0.1688877261550316,0.028758326672822816,0.4193104369817478,HOLD,2026-01-28 15:11:37
SYK,357.83,0.6948656130225248,0.5739156579964211,0.6244950733198794,0.23165067779061718,0.006510279611311002,0.4192504063778862,HOLD,2026-01-28 15:15:50
DLR,163.21,0.7095944621731136,0.524137191621111,0.5288971572602101,0.25160837695830923,0.16114122868904243,0.41700595284906694,HOLD,2026-01-28 15:12:48
TGT,101.74,0.8489173254274489,0.7000002515272046,0.5840591756939073,0.0355000053238369,0.04587065521981247,0.41638366766508783,HOLD,2026-01-28 15:15:57
DHR,224.54,0.7051028856015863,0.55746110192902,0.6034752623403704,0.18060531573891234,0.08493307880092428,0.41615276655604105,HOLD,2026-01-28 15:12:41
MGM,32.75,0.967462733823109,0.5646553530859801,0.6683154767502242,0.007160249232808678,0.02273206110548659,0.41615044909223325,HOLD,2026-01-28 15:14:36
TER,250.48,0.8843292327252699,0.5300905835441849,0.5052371509024592,0.31227134775221904,0.026103373725523727,0.41369712954765026,HOLD,2026-01-28 15:15:58
BAX,19.61,0.7341997829808423,0.609188662974092,0.6559780890249253,0.06719006029141547,0.04084583840580691,0.4136583173398247,HOLD,2026-01-28 15:11:48
COO,80.48,0.7050689952827086,0.4709741109188435,0.5735030504083118,0.18703248507966666,0.19367274197869544,0.41289368224620554,HOLD,2026-01-28 15:12:31
LEN,110.79,0.6667493440147859,0.49438216557556675,0.737670723145965,0.07159076740300951,0.04408808664452158,0.40998835526988764,HOLD,2026-01-28 15:14:18
FDX,314.65,0.7808011410826049,0.642123758931197,0.3775500401316332,0.17675114186127872,0.2712797732060785,0.4093760609474613,HOLD,2026-01-28 15:13:18
APA,26.01,0.6853672190577327,0.6168143078421786,0.6054048683490074,0.16392578630967192,0.014422242588087454,0.40919064975846303,HOLD,2026-01-28 15:11:33
AVB,172.97,0.8914979403456037,0.5372302125870153,0.557764006974223,0.17841367098352548,0.04581952443373107,0.40877167772768164,HOLD,2026-01-28 15:11:44
MTD,1401.64,0.4534397703093721,0.6291337975545418,0.6032091129638817,0.224868578663642,0.05772461044552213,0.40865210825284287,HOLD,2026-01-28 15:14:35
LLY,1023.8,0.7745789488099292,0.5659635050445718,0.5218418728050181,0.20557679650215685,0.07541730365306457,0.403401977762457,HOLD,2026-01-28 15:14:20
ERIE,273.53,0.8257605061005363,0.5932452746544232,0.5776671366944298,0.042730946771286325,0.10163764541045642,0.4033989649856158,HOLD,2026-01-28 15:13:07
KVUE,17.34,0.783663921116932,0.6266177541487149,0.6098419129363685,0.07216858455171775,0.010886127695938169,0.40325345927187795,HOLD,2026-01-28 15:14:07
RJF,168.31,0.752590392583015,0.5157081629224598,0.6697284037442128,0.07532220355846028,0.0316492142396839,0.4007134765256862,HOLD,2026-01-28 15:15:26
NTRS,150.25,0.7671138467360112,0.6189123198265387,0.6335788961517154,0.029743064952956606,0.018720497612961427,0.4002602299976071,HOLD,2026-01-28 15:14:55
DASH,206.66,0.8831842046244722,0.6126796670780854,0.6134408671710204,0.02514322487374978,0.0011680418810749665,0.4001488673803354,HOLD,2026-01-28 15:12:52
LYV,147.53,0.6776679227698279,0.5742544012486429,0.5500934844084311,0.16615857181524965,0.08961513113516256,0.39880045843932316,HOLD,2026-01-28 15:14:21
CTRA,27.79,0.6833354545692496,0.7551884531876665,0.5902983511706912,0.007535650275655202,0.003963471731286032,0.3987605658470539,HOLD,2026-01-28 15:12:36
EW,81.86,0.8770428905143022,0.5678427099360231,0.5628603767989996,0.08836656587918566,0.05097692276042487,0.3979996418062568,HOLD,2026-01-28 15:12:59
ANET,150.15,0.8043351996449326,0.6965825695892316,0.4710889342505749,0.13186767182851544,0.05258192446860124,0.39796663341693544,HOLD,2026-01-28 15:11:39
VMC,299.73,0.7596316360643707,0.5036479153800992,0.6615289483363181,0.07670922978818358,0.030218356333677115,0.3965369484077245,HOLD,2026-01-28 15:16:22
UNP,227.71,0.7352565912952309,0.5807839569408719,0.4515407606664607,0.2633484480139158,0.08895803515764356,0.3956059753519476,HOLD,2026-01-28 15:16:12
HSY,192.0,0.7532705623927789,0.5530538117804578,0.5837036634170083,0.13480597996224242,0.03630118949815115,0.3952703515125507,HOLD,2026-01-28 15:13:40
TXN,216.17,0.49071000254606734,0.4904036266437755,0.48213484678094387,0.5032405760095101,0.008457506977516514,0.39413179621505035,HOLD,2026-01-28 15:16:00
DDOG,140.56,0.6874355712016383,0.6200896298878646,0.5173355737477286,0.11958889869885801,0.111086758564698,0.39409728667476657,HOLD,2026-01-28 15:12:42
AMT,177.51,0.6828188158339641,0.573720262211209,0.5945915653676479,0.06586444006688612,0.08703680513720898,0.3919836526767516,HOLD,2026-01-28 15:11:28
IBM,294.16,0.8233293639597234,0.5916630556988764,0.5225163954320539,0.13351447489945642,0.03451089944363601,0.39102554103398235,HOLD,2026-01-28 15:13:52
SRE,86.78,0.8276847170008199,0.5841248780540759,0.585767454382717,0.035901739857403414,0.04216569001659297,0.39093716960051156,HOLD,2026-01-28 15:15:40
FCX,63.63,0.8624189508236605,0.4680909078479865,0.5404861869495181,0.23441936077615844,0.008194839215382084,0.39052877273512693,HOLD,2026-01-28 15:13:25
AVY,184.87,0.6755131428498383,0.39906881145251627,0.6647024003287265,0.12452560857721079,0.08853807066574378,0.389388532522696,HOLD,2026-01-28 15:11:45
CBRE,169.5,0.6166793130929501,0.4460598498250587,0.6191203775926808,0.12668501061816476,0.13571849640432881,0.38909671595660966,HOLD,2026-01-28 15:12:08
MAS,66.48,0.8156772091439134,0.5834737270949188,0.5611092112314979,0.06908835302419647,0.043225203226505984,0.38905794095296503,HOLD,2026-01-28 15:14:29
CDW,124.72,0.9133157822561785,0.5415212796193668,0.5784825107262679,0.02523003935918395,0.05125740794099105,0.3884780768274066,HOLD,2026-01-28 15:12:09
PAYC,139.65,0.9410186357099187,0.3890063437157076,0.6731592273628205,0.03914764411829147,0.014394281345674106,0.38455928561577263,HOLD,2026-01-28 15:15:09
OXY,44.83,0.8884770796823884,0.3873263052654613,0.4966219115351738,0.2488936678296651,0.09650241832093591,0.38437875971200347,HOLD,2026-01-28 15:15:00
APD,255.89,0.7471766446616008,0.4384702407461495,0.6938344226690287,0.040304141513427864,0.02740803240333178,0.38410447419945054,HOLD,2026-01-28 15:11:16
GS,936.81,0.5305673046900606,0.5893542198326951,0.6469122276810361,0.02770928060444597,0.06745444346817155,0.3840339875543794,HOLD,2026-01-28 15:13:35
PSKY,11.34,0.9203878321872735,0.4623001710536229,0.6324792318196738,0.038355252666547636,0.009798636253066643,0.3838733647592769,HOLD,2026-01-28 15:15:07
WMT,116.57,0.6702607892851602,0.5655926673611688,0.611764143357007,0.08304746734684038,0.016812356962242803,0.38364582026966854,HOLD,2026-01-28 15:16:25
BF.B,0.0,0.8333119828736203,0.637039474098962,0.5290175767795279,0.013253502484580763,0.05125802982883614,0.38234667260369626,HOLD,2026-01-28 15:11:59
ZTS,121.93,0.7962466986630364,0.5260358790263996,0.5696300898385581,0.06489075607070734,0.06351566879140375,0.3814021575955732,HOLD,2026-01-28 15:16:40
HST,18.44,0.6789165674664066,0.6511076129643296,0.5389455628126337,0.06636880758949064,0.03938369227293621,0.3809473481557821,HOLD,2026-01-28 15:13:47
SWK,79.32,0.8835089089437265,0.5575597248438179,0.5284374759925398,0.09628149932221923,0.015758148135965204,0.38080200815253507,HOLD,2026-01-28 15:15:47
SCHW,103.47,0.7874940032427166,0.4495339385839484,0.4877274297111516,0.03922993526464657,0.2892446783843968,0.38066933968421557,HOLD,2026-01-28 15:12:13
PANW,183.74,0.6667092466982252,0.5064886814853671,0.5444457847252602,0.1488445987361676,0.09599988257924327,0.38027129264755616,HOLD,2026-01-28 15:15:06
MSCI,614.87,0.7847997379220389,0.6433409481983281,0.4871306505747172,0.09607784389756774,0.03559229633787726,0.3796213866513736,HOLD,2026-01-28 15:14:47
CL,85.0,0.7694988288307129,0.6632027108104435,0.5153862701520874,0.04907810255497979,0.023204885668384904,0.37866290373545913,HOLD,2026-01-28 15:12:26
KHC,23.19,0.8622407193673688,0.6465214517461052,0.4915338090766066,0.05981850560730742,0.010718255652265809,0.3770958572608546,HOLD,2026-01-28 15:14:13
DVA,105.88,0.8729259279820222,0.5422884595555283,0.5316603776339224,0.08491441926614104,0.01844114000722105,0.375919509854157,HOLD,2026-01-28 15:12:42
CVX,169.93,0.8284077941771961,0.6625472143195937,0.4618768280527671,0.1079237487798973,0.0005826769191115182,0.3756145558372702,HOLD,2026-01-28 15:12:14
TDY,620.31,0.9054673555470105,0.5091821028746125,0.5341426230669667,0.11155559714991936,0.0013121852080355812,0.37519949952130455,HOLD,2026-01-28 15:15:58
WAT,385.03,0.5451764325427219,0.4359369595434338,0.5848368435719792,0.20107934493205268,0.08848296411214354,0.37506855004339196,HOLD,2026-01-28 15:16:28
MA,521.37,0.9531540022618212,0.6487968106540043,0.46137156352151726,0.05192751487129389,0.004439355591120308,0.374759605505921,HOLD,2026-01-28 15:14:29
LOW,269.42,0.5158881595853338,0.4235308251276323,0.28612907547840016,0.25395077073646644,0.5083699934126495,0.37459785645740307,HOLD,2026-01-28 15:14:23
MKC,61.86,0.9165242712097158,0.5580667191728548,0.5218990636373239,0.06014415723504603,0.013304629832823576,0.3745252474603136,HOLD,2026-01-28 15:14:30
DG,145.04,0.6250420590884077,0.47753790056447487,0.43522818912118655,0.35425408090195165,0.07528990004294947,0.3744890389470719,HOLD,2026-01-28 15:12:49
HII,425.39,0.9080076398212622,0.6469230379056673,0.44846884778930135,0.08806716497183104,0.005348948287136414,0.37340924855184354,HOLD,2026-01-28 15:13:51
DELL,117.32,0.8925354240420925,0.6087598660899433,0.5268602055681307,0.006436558470341296,0.013730047036622919,0.37309689839402993,HOLD,2026-01-28 15:12:45
STE,260.86,0.39982315219596976,0.43107073107712307,0.655012731305131,0.19813076422216416,0.05199154012500749,0.37272474169599523,HOLD,2026-01-28 15:15:50
AKAM,102.1,0.8776155117900586,0.6286613303059408,0.47417154096162345,0.012629704763392136,0.07035542526831506,0.3723423055350225,HOLD,2026-01-28 15:11:17
UHS,203.02,0.9431885243693511,0.5269587492303521,0.5172429532456839,0.018176184489771024,0.06802000316764804,0.3721227257881945,HOLD,2026-01-28 15:16:14
APH,145.96,0.8842280526122905,0.48721840030052,0.5580059715372444,0.0867468964830314,0.005607992512781426,0.37173925458166895,HOLD,2026-01-28 15:11:31
GPN,72.01,0.8519083451683375,0.5817564272855388,0.5282102806850986,0.004779281750541416,0.05348753025563127,0.3716585665807056,HOLD,2026-01-28 15:13:33
EME,727.35,0.9147144643363544,0.5458915402970502,0.4888052350797251,0.1142743442925556,0.007176539453675143,0.3715815017662092,HOLD,2026-01-28 15:13:01
CCI,84.89,0.5297006129060379,0.5661541809034308,0.5472684140061193,0.1590844308215469,0.046866846214420346,0.3715716770803192,HOLD,2026-01-28 15:12:38
CAG,17.68,0.5607895551567746,0.5523841328987563,0.5797640657797616,0.12760089992817,0.02024796282077414,0.370054774379146,HOLD,2026-01-28 15:12:28
REGN,751.13,0.7105291682984178,0.5240557711676083,0.5689041849331968,0.05746994586177178,0.059322195219838635,0.36989375475964453,HOLD,2026-01-28 15:15:28
PAYX,102.45,0.9009676889043687,0.46968816796272106,0.5819300531483145,0.0486145736274841,0.003981972802209074,0.36913272771341404,HOLD,2026-01-28 15:15:08
AMZN,243.01,0.7782082842967212,0.562908733327069,0.4840278860735287,0.10859430755315803,0.05882349193728198,0.3690945008152326,HOLD,2026-01-28 15:11:24
MTCH,31.365,0.8384287440918885,0.6156933201512169,0.4414799857777575,0.11247812164677978,0.03243907973510309,0.36840897444913606,HOLD,2026-01-28 15:14:30
MAR,312.07,0.7090256646281163,0.5165251438015995,0.5101297232474715,0.15886622648970383,0.04661808512372114,0.368343374520058,HOLD,2026-01-28 15:14:27
CLX,108.8,0.8088160720597567,0.6181068255701906,0.47255820100127816,0.09862149064274907,0.008717596041269895,0.36773824995720106,HOLD,2026-01-28 15:12:21
KLAC,1627.2,0.9468585965376555,0.4238060203481843,0.5568022253113105,0.1021592524031541,0.0016298594573763805,0.36724555368890166,HOLD,2026-01-28 15:14:12
ADSK,268.33,0.8638475265416096,0.5872433504255341,0.520603309663577,0.0070424875077229505,0.025969855715955392,0.3666168842830766,HOLD,2026-01-28 15:11:42
CPT,107.22,0.6862592110939804,0.4564251334708905,0.52805641006733,0.21650052457291674,0.022202109447919966,0.36606839762794247,HOLD,2026-01-28 15:12:02
ISRG,522.04,0.8633586939741826,0.41546731145350974,0.6195844336521802,0.039246223975536544,0.0068046060644042575,0.3645148277917624,HOLD,2026-01-28 15:14:00
JKHY,179.81,0.9239595190309691,0.48738288840381666,0.46266042691216863,0.1423350381725153,0.03312430660601835,0.3637625266132175,HOLD,2026-01-28 15:14:04
ROST,186.04,0.7663676384032624,0.5593031292039697,0.5195045918936918,0.06546802872888988,0.022863789361662435,0.36201513086733816,HOLD,2026-01-28 15:15:34
CSX,37.38,0.7713500072505199,0.6364610308130909,0.4602151545954548,0.058525577624143024,0.03275324450880153,0.3607475176928956,HOLD,2026-01-28 15:12:39
SHW,349.6,0.6406970761136349,0.43641710336532985,0.6480141504146303,0.058328104059798165,0.010892169825089287,0.3596014281857961,HOLD,2026-01-28 15:15:41
KR,61.82,0.503543387934075,0.5844748852148602,0.4858472977012705,0.057839392644856734,0.172104173162057,0.35899221830814343,HOLD,2026-01-28 15:14:14
PSA,273.86,0.6667134318783983,0.38867858537200534,0.650014188025115,0.06262211291649256,0.03240991474311921,0.35841772220169776,HOLD,2026-01-28 15:15:22
MMM,155.94,0.5505457397192136,0.5036660334504507,0.6444468524581515,0.033724038533161825,0.011646724746320747,0.35819598905535344,HOLD,2026-01-28 15:11:08
CCL,28.72,0.7811204219461179,0.44628496967114256,0.6325392484792193,0.00047710440864025906,0.0017588636312622426,0.3575780042805866,HOLD,2026-01-28 15:12:05
ALL,197.33,0.8323367140005045,0.5454967275142756,0.4206421952084177,0.18763486631953274,0.006438453419730615,0.3573403394132835,HOLD,2026-01-28 15:11:21
PH,916.27,0.6678675086601937,0.5437794014184997,0.592575243096203,0.015912868370684473,0.001907476093066333,0.3568792729713303,HOLD,2026-01-28 15:15:08
IR,85.25,0.7402319301551179,0.5187559316192153,0.559233543006497,0.03967871209267296,0.013202688334952308,0.356120722326829,HOLD,2026-01-28 15:13:55
AES,15.19,0.7402472603793505,0.6625746744389776,0.44661064452023186,0.06039837421603947,0.016642447809307438,0.3559310186868695,HOLD,2026-01-28 15:11:13
NDAQ,98.71,0.6729489436167367,0.41572139943067804,0.5234462827605388,0.07859778120164246,0.16063974343431398,0.3553205640031622,HOLD,2026-01-28 15:14:48
NDSN,271.94,0.6887144175515261,0.6412992064663631,0.383633219471075,0.1148901989942097,0.09235155763760335,0.3536696002161103,HOLD,2026-01-28 15:14:54
FICO,1525.67,0.6163220632640477,0.5259829864715511,0.5771919408830138,0.06216286723667961,0.006007560773273889,0.3536204714876099,HOLD,2026-01-28 15:13:16
PTC,161.91,0.7047569412658156,0.44522147443017446,0.5599979141887497,0.1118020773387931,0.014233663026678651,0.35272651134233574,HOLD,2026-01-28 15:15:21
INVH,26.21,0.8643041678668502,0.5343049806905933,0.5140351479844798,0.019487356526582237,0.005808269329897666,0.3525610824914436,HOLD,2026-01-28 15:14:01
YUM,153.88,0.7717159304819003,0.49444256597423347,0.4380798198841624,0.18157657854052991,0.0408638955680193,0.3519721470299953,HOLD,2026-01-28 15:16:38
MRK,106.9,0.8423214623331189,0.4590161413619765,0.46219542644400113,0.1270971321233633,0.051150111567556354,0.3503434511770915,HOLD,2026-01-28 15:14:33
CTVA,73.05,0.6566820308175916,0.6327818781630513,0.5102968382812126,0.003977813001488255,0.012671650469218225,0.3486435228928745,HOLD,2026-01-28 15:12:34
WRB,67.67,0.5220932519154277,0.4315198830871325,0.6218874682069715,0.102393588785979,0.009067021494680427,0.3473716643271926,HOLD,2026-01-28 15:16:23
HLT,296.31,0.6101683873016932,0.43218200017815384,0.5631289594247428,0.0849231201362498,0.06674910062551322,0.3467263707455756,HOLD,2026-01-28 15:13:42
NVR,7626.08,0.5587771287167171,0.7053748523338758,0.4159770082023795,0.0813841884568994,0.038589815679460106,0.34574058662643264,HOLD,2026-01-28 15:14:59
BMY,54.62,0.4717420972909355,0.4935285546426339,0.6120151322118236,0.03503692460011962,0.03695124222588072,0.3438820936863675,HOLD,2026-01-28 15:11:56
AMP,499.67,0.5207078923098315,0.36607398649071293,0.5391786184877306,0.08135557440957433,0.2007748583556503,0.34346525862848987,HOLD,2026-01-28 15:11:29
URI,903.19,0.5681722595034148,0.5136103880167578,0.5624777075247671,0.06679817856088026,0.008560179274841578,0.34335428737826756,HOLD,2026-01-28 15:16:13
DGX,182.74,0.8276376723578339,0.5096816172075344,0.4409522525771007,0.10471985243281658,0.02133698027810158,0.34219713299260407,HOLD,2026-01-28 15:15:24
NTAP,99.33,0.7249903019803545,0.6060847234314903,0.4784437648460068,0.012142235409982228,0.012144662245725864,0.34210648386927717,HOLD,2026-01-28 15:14:48
UDR,36.43,0.8521984398498427,0.5241348719384588,0.4283539783281155,0.10308140608000275,0.003046873964428011,0.33977866787999683,HOLD,2026-01-28 15:16:10
POOL,258.48,0.6551736518450799,0.34096222924491915,0.4118282722887966,0.11799190660532212,0.28759898966101777,0.33837647197339876,HOLD,2026-01-28 15:15:16
FOXA,71.14,0.8596200211666374,0.46354263488078823,0.48685793429455576,0.04525483202485013,0.011724456921647447,0.33612376717048764,HOLD,2026-01-28 15:13:23
NKE,62.24,0.5811072954930114,0.5573574506401956,0.4220299885746486,0.04519817801541186,0.15083698111117147,0.33539824807505153,HOLD,2026-01-28 15:14:52
NUE,173.18,0.45908140317156115,0.4344957830016142,0.5941883262015564,0.05776473749707505,0.04980860333120102,0.33257846294360105,HOLD,2026-01-28 15:14:57
NVDA,191.52,0.6844457370554946,0.5566190556148854,0.40012697817560944,0.09814752211254227,0.06544379809590593,0.332524742322899,HOLD,2026-01-28 15:14:58
GILD,139.72,0.8030252686953493,0.5878318624730997,0.3853781078108237,0.05981167639036683,0.025504479958219826,0.33054556297711934,HOLD,2026-01-28 15:13:33
CHD,91.48,0.6102772330787327,0.6825088248975497,0.4232531302798303,0.022267446259721928,0.007681412969420223,0.3304951992171607,HOLD,2026-01-28 15:12:17
BG,115.3,0.8543505987518765,0.5019820566561911,0.44480917003169224,0.042415529783092536,0.004209491613049411,0.32859922649516193,HOLD,2026-01-28 15:12:00
VRSN,253.5,0.6467448548718925,0.548421400533772,0.4716179363436618,0.055593947915237495,0.007863187139577295,0.32853557350800516,HOLD,2026-01-28 15:16:17
TDG,1412.13,0.7506763721781956,0.5140004648080859,0.494095377611338,0.009626666615958313,0.001577918066197456,0.32833726039926925,HOLD,2026-01-28 15:16:05
ALLE,164.9,0.2822103396988694,0.4065262163882419,0.5015358908797127,0.3052300734469506,0.02918266968692645,0.32686959313822456,HOLD,2026-01-28 15:11:20
DOW,27.78,0.7876380960387042,0.42501624785885334,0.47187528110397103,0.08096139451701184,0.02511283504918284,0.32654448942007136,HOLD,2026-01-28 15:12:53
CNC,41.9,0.4822497324571454,0.44439122995140873,0.6084752574504603,0.025455353533958943,0.006265667848203294,0.32599000074756684,HOLD,2026-01-28 15:12:10
Q,102.43,0.8490131685250056,0.5908851333967549,0.382871627918214,0.02615547181619263,0.01232856915068387,0.3256366401006911,HOLD,2026-01-28 15:15:25
MLM,650.23,0.5770600812763461,0.5009698171797461,0.5036260184767198,0.0242863199470504,0.05887423885139042,0.3256198888662879,HOLD,2026-01-28 15:14:28
ES,69.9,0.571534531091462,0.5058350383539499,0.45694967794998415,0.1316063563716529,0.01860595507385073,0.3254478264540322,HOLD,2026-01-28 15:13:10
ETN,347.32,0.6113073500823821,0.5930531531658042,0.4123065137843032,0.07067015210345329,0.038849635276969594,0.3253372772527746,HOLD,2026-01-28 15:12:56
FAST,43.62,0.6513630893573075,0.6085841188942114,0.40183828750765804,0.027263920017119983,0.05486844933993206,0.3238310928382808,HOLD,2026-01-28 15:13:16
AIG,73.39,0.8133344143015853,0.4041834757526612,0.534962262698286,0.0037533830562020277,0.0010575159764544696,0.3236209951967079,HOLD,2026-01-28 15:11:27
GNRC,174.17,0.8703155901791011,0.527724865070392,0.3989260305342855,0.02642292642590081,0.023112752936569815,0.3221614770647683,HOLD,2026-01-28 15:13:30
TMUS,186.25,0.9049742740230033,0.3033457858201588,0.4943025358754905,0.09451680454401595,0.014328614715156647,0.32122642918081373,HOLD,2026-01-28 15:15:53
NOC,689.13,0.872191216745993,0.5112669598999438,0.36840552013706723,0.09556831698638471,0.0009858419324436257,0.3193050014794739,HOLD,2026-01-28 15:14:56
J,136.7,0.547189655196351,0.49070814949936575,0.4699552883973255,0.07117189368137379,0.05358678652161155,0.31879891797930293,HOLD,2026-01-28 15:14:05
BSX,93.79,0.5167339612483164,0.4341416431725192,0.5782742787023232,0.020004179028983434,0.01384679645530112,0.3187542034668893,HOLD,2026-01-28 15:11:55
CRWD,469.19,0.6142311491783924,0.5431489912959513,0.3661743720034731,0.1249282572520366,0.0651947298796526,0.3179298222044093,HOLD,2026-01-28 15:12:37
ULTA,638.21,0.9197661981875671,0.6081156977518016,0.32793251343546986,0.023049090780870408,0.004909989083763308,0.31757132937268473,HOLD,2026-01-28 15:16:11
LHX,360.3,0.7780360628720431,0.5013465739688896,0.41390020975352515,0.05105173460003893,0.023730416513211755,0.3171994142296899,HOLD,2026-01-28 15:14:14
GIS,44.35,0.5463323560388778,0.4849247812949121,0.5212520124216976,0.04212768234618308,0.0011670204605673251,0.31665273615072953,HOLD,2026-01-28 15:13:31
STZ,157.74,0.34364634322580917,0.27172934539692833,0.46055814461126293,0.3291469681815827,0.11670444906576663,0.3160482302348153,HOLD,2026-01-28 15:12:30
FDS,269.86,0.6277351322639706,0.2871010715891236,0.38836308301479117,0.32343750011185857,0.0720479154370338,0.3157997355584376,HOLD,2026-01-28 15:13:15
SYY,83.51,0.6639280160572947,0.45484135970438094,0.5195770975453218,0.0067036130640032755,0.00369631185396816,0.3153141877937965,HOLD,2026-01-28 15:15:53
WFC,88.03,0.7719918870949782,0.47180814681750577,0.468218080692368,0.005376139773062295,0.00787838945117164,0.3146771481255562,HOLD,2026-01-28 15:16:30
RF,27.86,0.7165337020612133,0.5059966795162992,0.45570530755128374,0.012736553466129811,0.0117225907707155,0.31445612722213534,HOLD,2026-01-28 15:15:29
CI,272.38,0.5666741428087335,0.2880752377923577,0.5271106161686913,0.1805111288008582,0.028860945089417146,0.31429006146800736,HOLD,2026-01-28 15:12:17
OTIS,88.6,0.3563239115962385,0.3721030252135872,0.5373434037840507,0.1935333403264008,0.004203769826636713,0.310803439368164,HOLD,2026-01-28 15:15:04
FIX,1169.05,0.8384972425458262,0.5828250445911416,0.3488051866011151,0.018302690816295708,0.0019149454076262031,0.3090998163979298,HOLD,2026-01-28 15:12:27
JPM,300.77,0.6722669292257435,0.4947780668701432,0.46583763295042335,0.009500024927741789,0.0017010311155697554,0.3081738073903923,HOLD,2026-01-28 15:14:07
VTRS,12.97,0.565859368899539,0.5351591042938837,0.452141912477492,0.010734769392238911,0.033294156156019564,0.30806611660162997,HOLD,2026-01-28 15:16:20
ROK,414.9,0.36245756855778183,0.286093635791336,0.6640975208444897,0.035445770854812285,0.039505330711556916,0.3076839605806661,HOLD,2026-01-28 15:15:33
GEV,711.59,0.648399979900683,0.5019066307679589,0.39707410537338506,0.09248661060248889,0.018354461485451026,0.3065117701732636,HOLD,2026-01-28 15:13:28
FOX,64.29,0.7566634018301444,0.4636384038487613,0.43040718451590526,0.03929739528427493,0.00022424107028514405,0.30542050357845024,HOLD,2026-01-28 15:13:24
PYPL,54.08,0.8738736543031722,0.3263200425989545,0.4627658191614769,0.04667523728550943,0.014771703283441684,0.3037705078123414,HOLD,2026-01-28 15:15:10
VRSK,219.03,0.5653493109662084,0.4004945596407821,0.47522743588342353,0.09582066620431469,0.01780811342274188,0.30192782971521565,HOLD,2026-01-28 15:16:18
GL,138.55,0.7242975619308654,0.41606857395276553,0.44386947545616534,0.05359476043104301,0.0020483823127293416,0.29993294216924377,HOLD,2026-01-28 15:13:34
WTW,314.33,0.7269778901792053,0.3261886897909768,0.45810079051071007,0.10737262650501268,0.014195483217938641,0.29967938607391914,HOLD,2026-01-28 15:16:35
GPC,140.02,0.6230388748767877,0.5662590555436608,0.29319399979438376,0.17192757957617524,0.007571508527192794,0.29941371615539963,HOLD,2026-01-28 15:13:32
SBUX,95.16,0.6939058695451454,0.4225162858889622,0.3846241970240964,0.1410643162654177,0.0080444638177953,0.2991028592561785,HOLD,2026-01-28 15:15:48
CRH,122.46,0.6779193710305187,0.5547739652651074,0.363926782601476,0.025654538037849693,0.016142632882645412,0.29628419912061515,HOLD,2026-01-28 15:12:37
DPZ,405.37,0.4737885516487922,0.4401098200034761,0.3844688763553346,0.1557440113561122,0.06875811641491855,0.295641907626381,HOLD,2026-01-28 15:12:51
VZ,39.41,0.7531810748467259,0.509529720294729,0.3852994920395675,0.01154891133516156,0.0010650122964179973,0.29533668388180456,HOLD,2026-01-28 15:16:19
GEN,24.79,0.8596961678664746,0.30881476497403665,0.4749698449752395,0.01160561283803546,0.013712169022081095,0.29528707964605,HOLD,2026-01-28 15:13:29
MDT,100.79,0.44023686965923015,0.4807962283520024,0.40349044991336425,0.1132500397897771,0.05471492504724635,0.29482306057773744,HOLD,2026-01-28 15:14:32
BK,118.9,0.4743960421069971,0.43757822419645015,0.471120871327769,0.027702365779044398,0.06460259018096624,0.2947525016403226,HOLD,2026-01-28 15:11:54
LW,45.47,0.7051019942612161,0.5483883667196853,0.37146404659880955,0.014182597087376965,0.0007987268914366676,0.29462335154546426,HOLD,2026-01-28 15:14:16
COR,350.54,0.5249802911643615,0.360504829674463,0.4872878355893793,0.08490123863136584,0.033565561679328254,0.29447870579028135,HOLD,2026-01-28 15:12:10
TT,394.2,0.44792844060733267,0.4356091094119618,0.37892062941618,0.16498741376774775,0.0765365358237136,0.29389564468627194,HOLD,2026-01-28 15:16:05
SBAC,184.16,0.7739896079990181,0.4311624981302655,0.3828976160954999,0.04574118756930049,0.03076127546677851,0.2938012378618207,HOLD,2026-01-28 15:15:38
TMO,608.02,0.39696866198786174,0.3740908898759919,0.5592902437183981,0.02928712152206736,0.02679451708481395,0.29351844501088026,HOLD,2026-01-28 15:16:01
NSC,284.47,0.6407909749166003,0.5284461622416112,0.36173932657245567,0.04790559661166467,0.027125758382460757,0.29329639891054404,HOLD,2026-01-28 15:14:54
PLD,127.13,0.6996845827475404,0.44891935993294246,0.4206238176864092,0.021845339859616883,0.013398982296080547,0.2929883399984048,HOLD,2026-01-28 15:15:19
HRL,24.6,0.5431818243580135,0.5010557661705902,0.4047389685593279,0.057221034809153054,0.027889868275280852,0.2929732068546046,HOLD,2026-01-28 15:13:46
EMR,148.42,0.7917521527776921,0.4418584873621055,0.3833883930485656,0.03932798303501196,0.007124655065498172,0.291853958284862,HOLD,2026-01-28 15:13:02
WY,26.05,0.7964249098208899,0.4833167119894822,0.35156964329109003,0.041702413076609254,0.0027066283698955907,0.2906585346566134,HOLD,2026-01-28 15:16:32
AON,333.0,0.7126159809635481,0.35428584061737445,0.40713805027417754,0.11091625002669438,0.013087997207377714,0.2890610307488974,HOLD,2026-01-28 15:11:33
PPL,36.7,0.6004335790868606,0.49250126325632404,0.4227230508524397,0.011087938224125038,0.0057204820631308675,0.28872220987313396,HOLD,2026-01-28 15:15:17
MPWR,1161.78,0.8446618092714568,0.6537093226874936,0.21273887796593868,0.036539149519519094,0.0011273668570807012,0.286563012129746,HOLD,2026-01-28 15:14:41
IRM,92.24,0.5634576076500313,0.4337720566698183,0.28230526465756084,0.04781052847629323,0.2459634866034078,0.28654655451217526,HOLD,2026-01-28 15:14:02
LVS,61.26,0.8330455929522674,0.5429683129836893,0.30630023577931526,0.008696520639181318,0.004246145512315651,0.28637682585605856,HOLD,2026-01-28 15:14:17
SNA,370.07,0.4919195580639372,0.4194778386674886,0.4734103536159481,0.036446179167433215,0.01441845164798737,0.28528355578775993,HOLD,2026-01-28 15:15:44
DVN,39.83,0.7236307950898374,0.4506489171578278,0.330493826770256,0.10745241772805389,0.008603879147773306,0.28485227034679156,HOLD,2026-01-28 15:12:46
GLW,104.28,0.7737115631453005,0.36990145416137976,0.41649920807231844,0.016321199369283244,0.02002753627498741,0.2835709566973557,HOLD,2026-01-28 15:12:33
TRGP,201.13,0.6226431168794996,0.45153063775053615,0.33886325998370215,0.12986046295881315,0.013053836372818178,0.2828122770994941,HOLD,2026-01-28 15:15:56
PNC,221.39,0.6730964213756,0.39221046743568233,0.3262808471033469,0.17142233143735594,0.020804411228697414,0.2820813382889112,HOLD,2026-01-28 15:15:15
EQT,55.96,0.4987032645798943,0.3921730404190159,0.47058833003581707,0.006407566601028634,0.05156671343545976,0.2810762895598354,HOLD,2026-01-28 15:13:04
MAA,132.46,0.7285727704841023,0.36689263008661865,0.39952122403517504,0.07241215177060532,0.0018654018165495776,0.2809476809937175,HOLD,2026-01-28 15:14:38
ORLY,101.37,0.5336401145441579,0.5988771214102121,0.33182616523769604,0.017121666482033764,0.02281853532681616,0.280675325669537,HOLD,2026-01-28 15:15:00
T,24.07,0.6393086011888196,0.3605925072030869,0.43961672489372855,0.062275504107234626,0.001075052831843153,0.28060449041543345,HOLD,2026-01-28 15:11:41
BAC,51.81,0.8479301287862548,0.45401143636417024,0.34787661031235784,0.000333752206787604,0.0003581714460611258,0.2800966679757367,HOLD,2026-01-28 15:11:47
EG,324.91,0.8197751965242488,0.4846467686432978,0.30483789726030197,0.0407194143287297,0.005366204752520314,0.27957536637542507,HOLD,2026-01-28 15:13:09
PM,178.59,0.7100309909405159,0.40370729409955597,0.3369535619114503,0.10121449495849721,0.02788640391870342,0.27865080626283806,HOLD,2026-01-28 15:15:13
UNH,294.02,0.4499849511419364,0.3400503312545187,0.4684896190076627,0.11332229625958996,0.011761187756250078,0.2785721438705642,HOLD,2026-01-28 15:16:14
ELV,341.85,0.4870382865741899,0.3644108436564375,0.3904503948892418,0.18344815302319276,0.007207887133436465,0.27685232388680486,HOLD,2026-01-28 15:13:00
PNR,105.17,0.5097617950455765,0.448563537389332,0.3825961034380759,0.06586339130101769,0.040059848251649204,0.2766523659243802,HOLD,2026-01-28 15:15:10
CAH,210.39,0.7147537770199653,0.4641638940913821,0.25436713460352545,0.12012212280932787,0.04928774254414586,0.27450026997202537,HOLD,2026-01-28 15:12:04
CMCSA,28.41,0.34974785705776107,0.5127413350027954,0.42492892158130274,0.013868475885984112,0.03101499787893612,0.2739784239337101,HOLD,2026-01-28 15:12:26
RMD,257.72,0.3533886244681196,0.3739312239156333,0.4943096025355548,0.07047614660966231,0.005432674557959092,0.27359975222412936,HOLD,2026-01-28 15:15:30
MOH,187.0,0.4059239179862521,0.29627599177146097,0.5368874035840718,0.031094242323560204,0.02983174558306118,0.27309900880946325,HOLD,2026-01-28 15:14:39
CARR,57.91,0.6717704746510225,0.4383372914231134,0.36691019448394113,0.024134378485449106,0.014681823066304403,0.272680804405258,HOLD,2026-01-28 15:12:06
CHRW,184.28,0.65416986137781,0.4361466855042509,0.38445676227980186,0.02176136639992689,0.0016079762993309798,0.2726572204624233,HOLD,2026-01-28 15:12:01
EXC,44.76,0.7263227239177741,0.4242351837839161,0.35516524251061304,0.03927851388473145,0.0006663611232716503,0.2720178569033452,HOLD,2026-01-28 15:13:11
STT,128.02,0.6085376622738224,0.42647819859586045,0.38475620082881384,0.01522392135878532,0.03627040527536692,0.2718751315220289,HOLD,2026-01-28 15:15:48
IVZ,27.56,0.31591533423304985,0.4159463702895662,0.4959765858592134,0.0388357152194579,0.002367910702676584,0.2718145084234092,HOLD,2026-01-28 15:14:00
RTX,199.46,0.7285961079235387,0.5254132248731483,0.2644217018292914,0.027064452534174294,0.040327323206615764,0.27074712146392893,HOLD,2026-01-28 15:15:26
KIM,20.48,0.6896197287645831,0.4760761430083052,0.346872072915589,0.006664490833776573,0.0028692796148202227,0.27014557744251544,HOLD,2026-01-28 15:14:10
NFLX,84.64,0.6704350836269202,0.39065806523023505,0.4092681095962123,0.005093201597448984,0.00275290745786365,0.2695247760986652,HOLD,2026-01-28 15:14:49
ABBV,218.67,0.5717017482247231,0.390313076467985,0.37075609524774045,0.09156870529376987,0.020654031683015932,0.26890416608574863,HOLD,2026-01-28 15:11:11
TTWO,243.18,0.5234862322056633,0.34665044351953617,0.3587844114316374,0.18286282441899254,0.011933523135630699,0.26827330486488943,HOLD,2026-01-28 15:15:55
BR,204.89,0.9282220893369288,0.42060034970829113,0.265662867338825,0.036978715822193794,0.018561786712034525,0.2677492395838443,HOLD,2026-01-28 15:11:57
SJM,103.36,0.5735684648073933,0.4388177012208095,0.3487399679128436,0.044119626103061596,0.044462391724333174,0.2674587806642333,HOLD,2026-01-28 15:15:43
WYNN,112.88,0.6968245149607983,0.4484277203796453,0.3479328147391088,0.002566367232142309,0.015051431432800216,0.26727139972673003,HOLD,2026-01-28 15:16:37
XOM,137.58,0.7672349728284378,0.44048900303249694,0.2931255803903304,0.06726030526487956,0.0020203900395781038,0.2666151110673339,HOLD,2026-01-28 15:13:14
BEN,25.66,0.41411220000062243,0.4234676569014563,0.44948323035656645,0.012543209371773287,0.004984632471668529,0.2644552888560118,HOLD,2026-01-28 15:13:25
SW,42.41,0.5669723309717615,0.29117437588216466,0.3919579521655067,0.06856732259281462,0.09011730190928131,0.2642564188236803,HOLD,2026-01-28 15:15:44
KEY,21.31,0.7394639006196437,0.45688330160433105,0.2843297859279075,0.04312097589020728,0.021034405002568906,0.2634530623397581,HOLD,2026-01-28 15:14:09
PCG,14.93,0.6191508153708333,0.4243247998059126,0.3207536814782664,0.08133543220575035,0.009837772270258251,0.26124078683694746,HOLD,2026-01-28 15:15:12
CSCO,78.96,0.7073662657108216,0.46916723821590217,0.2794493835116315,0.022836647581153165,0.03991480406782753,0.2609551795975482,HOLD,2026-01-28 15:12:19
AEP,119.12,0.660309153077695,0.41050783381907413,0.33327478720487547,0.030408468002551148,0.03326436538793453,0.2608494849111441,HOLD,2026-01-28 15:11:26
ESS,245.48,0.7794582838452492,0.3235758552288494,0.336540626356985,0.08147272009714202,0.003172352152535864,0.2605522017873259,HOLD,2026-01-28 15:13:07
MTB,216.89,0.5518035529345753,0.35147985244776764,0.2986037126386764,0.18637186792429336,0.03927223994371009,0.2601862611482147,HOLD,2026-01-28 15:14:25
BRK.B,0.0,0.7297249403898116,0.2997906969119846,0.40058764257729923,0.027474678764845408,0.0016267382723531522,0.2589272096020076,HOLD,2026-01-28 15:11:49
VLTO,98.72,0.5963173154009269,0.35562620543497275,0.4147461510819143,0.01310188558413588,0.005148263740122757,0.2588308478165133,HOLD,2026-01-28 15:16:17
DOC,17.15,0.6275642491091187,0.4572316219359701,0.31680033856614837,0.03919396393668881,0.005281109418144513,0.2581378655389171,HOLD,2026-01-28 15:13:39
IFF,72.16,0.7836359968768787,0.37556794563107987,0.26123460335384624,0.12806177397828641,0.003087428705421543,0.2580774103567993,HOLD,2026-01-28 15:13:58
ETR,96.48,0.6025561186745466,0.4295405712821069,0.2545977301048715,0.11836108257408799,0.05646655032009734,0.2575085717341746,HOLD,2026-01-28 15:13:02
EXR,137.16,0.41503306318709127,0.3435911956302149,0.44740939956754544,0.03332611647604579,0.027082816260772684,0.2565261518623794,HOLD,2026-01-28 15:13:13
HCA,491.23,0.641281591256662,0.4467490417862763,0.3360717443260005,0.007757128679160794,0.0015729747594507419,0.2561655114684439,HOLD,2026-01-28 15:13:38
EXPD,160.07,0.5334866296388883,0.4185532974995842,0.33930204292775445,0.07117435676609739,0.01374288774444633,0.25583338424424074,HOLD,2026-01-28 15:13:13
DD,44.63,0.6779999686362397,0.46460115280968944,0.3090838585054353,0.00555804498379429,0.003912649818878071,0.2553395239377269,HOLD,2026-01-28 15:12:56
AWK,127.05,0.40690936325675503,0.3382006397444348,0.4459910823349612,0.03914538960593248,0.025400612607367173,0.25503758941771076,HOLD,2026-01-28 15:11:29
TSLA,431.46,0.6138925710356318,0.5546400042596683,0.25463450734005555,0.028539349493663203,0.0018482271793585402,0.25478512549211785,HOLD,2026-01-28 15:15:59
KMB,99.54,0.28936155801136393,0.4025558262537617,0.4356557076047852,0.025239060040737036,0.047403344593395444,0.2546725142601508,HOLD,2026-01-28 15:14:10
BRO,72.1,0.5109202487115966,0.2809553410550997,0.4682945837303786,0.030033547146742463,0.0012090793993983354,0.25401999351052135,HOLD,2026-01-28 15:11:58
O,60.07,0.6244251362554541,0.4227491402349441,0.35306698981371865,0.002267105406403003,0.00027716487908977406,0.2534212926737484,HOLD,2026-01-28 15:15:27
NWSA,26.59,0.7258985104867404,0.4260842635728948,0.30929336594812645,0.006883901791013145,0.0036641833719426075,0.2527043305802821,HOLD,2026-01-28 15:14:50
WMB,66.92,0.6274402252173494,0.4023702170933351,0.3439237596216532,0.02609251883494471,0.003224949702605241,0.25225868753440794,HOLD,2026-01-28 15:16:34
CPRT,40.62,0.539667562683718,0.5033361605806602,0.3023248854069216,0.027013329239569995,0.0056011755958958265,0.25185435497367353,HOLD,2026-01-28 15:12:32
JCI,116.74,0.5409370311144159,0.39543340351134504,0.3824038924191241,0.004006518264271353,0.009876156136373765,0.25067808641957684,HOLD,2026-01-28 15:14:06
EXE,109.66,0.33503082989993543,0.37149576102743737,0.33826362785418246,0.013580547032084266,0.19318743253794027,0.2506349194657407,HOLD,2026-01-28 15:13:11
PFE,25.86,0.5485739870291679,0.4361440921400339,0.35296830687392033,0.006239975612902977,0.0051455293949889186,0.250253810194678,HOLD,2026-01-28 15:15:12
CPB,26.98,0.671237156312911,0.5522891198636449,0.22851329091025252,0.008980230422971877,0.0026896497074287294,0.24846950290317596,HOLD,2026-01-28 15:12:03
V,326.98,0.8650390241084958,0.45781366270702784,0.2283903904837969,0.0042072332011054234,0.00026830494746218366,0.2474788597271078,HOLD,2026-01-28 15:16:21
COST,960.78,0.723282461429182,0.4239321967604309,0.287379231551087,0.006246723381479426,0.0019061441917917641,0.24495902847498477,HOLD,2026-01-28 15:12:35
CVS,74.03,0.31179564452154734,0.2856023813248188,0.5053565116651342,0.017371037331408774,0.006887822272002067,0.2447587661373409,HOLD,2026-01-28 15:12:40
AME,222.49,0.693177096212978,0.42572771693426,0.21934450093421473,0.11203493513436792,0.007621383210934381,0.24419786695747464,HOLD,2026-01-28 15:11:30
AFL,108.92,0.7426321806888732,0.3224073526128209,0.31770208973574304,0.04234081226799299,0.004099208532365772,0.24334331967224615,HOLD,2026-01-28 15:11:14
CTAS,189.16,0.6727950882725138,0.31926258518339545,0.36667407229808197,0.004570463251803715,0.001255073615564743,0.24229935492682875,HOLD,2026-01-28 15:12:18
PPG,113.96,0.7325714146688438,0.39506468268735423,0.2776460770435651,0.01990907340217646,0.01164075964678315,0.24187386772721667,HOLD,2026-01-28 15:15:16
FRT,99.82,0.42966448167430615,0.2757085000729795,0.43129411737952134,0.06640596159030507,0.001065145127532891,0.2409906047394505,HOLD,2026-01-28 15:13:17
USB,55.74,0.7986947716183874,0.5039327821861778,0.19242764368480342,0.010769837259030227,0.0005179742039610868,0.24064188899711358,HOLD,2026-01-28 15:16:09
SPG,183.76,0.7304340070899591,0.2576510816948076,0.3698007001594646,0.019852159660414606,0.004250710133491116,0.24033440105457796,HOLD,2026-01-28 15:15:42
CFG,62.92,0.7362024023502165,0.3806759825844693,0.24201541440395424,0.0326060048842052,0.05344109492700793,0.23956948103534442,HOLD,2026-01-28 15:12:20
LH,268.04,0.5276863910413194,0.40211386206570354,0.2218289668172153,0.16371986856623702,0.028335106010284734,0.2381510964777416,HOLD,2026-01-28 15:14:15
TFC,50.31,0.6838893428436795,0.37465279544872115,0.29189803339939074,0.018888778516748826,0.001325984345258687,0.23493185596633093,HOLD,2026-01-28 15:16:07
MSFT,481.63,0.6623131189013488,0.4174934665406028,0.24506280757100005,0.046906497634838125,0.00485130829552961,0.233600408655629,HOLD,2026-01-28 15:14:37
NI,44.33,0.5558976426624653,0.37824518527056905,0.2978677924565743,0.057423914800671265,0.0041598642732291686,0.23291589487211273,HOLD,2026-01-28 15:14:53
ADP,250.69,0.4855718719785904,0.4731172048036951,0.27539726556281097,0.024786021239609678,0.00568479742671625,0.23189397156070654,HOLD,2026-01-28 15:11:43
ACGL,94.17,0.6491677541855131,0.31861657827263257,0.30656817085317895,0.007252746537847213,0.04027157796219961,0.23011540722904086,HOLD,2026-01-28 15:11:37
PG,147.34,0.7901196100979759,0.40455258792868753,0.22271711836202177,0.009260340451497668,0.0075568310838309925,0.23010104841120735,HOLD,2026-01-28 15:15:18
HON,216.64,0.5301590839795299,0.2780879990186946,0.3155618504100079,0.08921543882672855,0.043167608436877294,0.22977867277741545,HOLD,2026-01-28 15:13:46
MRSH,178.18,0.734290991400871,0.360915892636812,0.26257309421042246,0.010571558142767189,0.016326012527845404,0.22976372006469875,HOLD,2026-01-28 15:14:27
EQR,60.76,0.42025032617679486,0.36141396459066644,0.32713530907841676,0.08302751536329116,0.0034157915856878975,0.22973707964913362,HOLD,2026-01-28 15:13:06
COP,101.39,0.6167939254620943,0.39413047213546165,0.27578230855916475,0.02364899409088421,0.005942546077640673,0.22915848757475615,HOLD,2026-01-28 15:12:29
ITW,258.25,0.28158427705083555,0.3159322547298938,0.4163941859432563,0.04747952355606583,0.011884923022531456,0.2281360237497587,HOLD,2026-01-28 15:13:54
TSN,64.6,0.9041488110699324,0.44867484922985684,0.14312625608790044,0.013591001043624812,0.008878028790911078,0.22758153374624193,HOLD,2026-01-28 15:16:08
ICE,172.44,0.7312797010017712,0.2883246825134512,0.3092404662387507,0.0112684340217401,0.0048823589710146244,0.2267952050730435,HOLD,2026-01-28 15:13:57
XEL,76.01,0.7010682274499075,0.41407604374476004,0.24184751754650152,0.00188536676863414,0.001858378945437997,0.22622503590070764,HOLD,2026-01-28 15:16:37
D,60.71,0.5530218185262111,0.36810283290981055,0.31241267848780463,0.010492332469123481,0.0017563960593249938,0.22509629768661432,HOLD,2026-01-28 15:12:50
BKNG,5085.22,0.7804745980476936,0.3873781402844554,0.21308302222147255,0.02449500179223648,0.0033280368418121464,0.22501260225491193,HOLD,2026-01-28 15:11:55
NRG,155.11,0.5307661766738914,0.33611937557556393,0.3307666323078844,0.018315695346996227,0.006422931470273024,0.2244782078383211,HOLD,2026-01-28 15:14:57
MCK,826.62,0.5872577746758265,0.4256863067494017,0.2577550104642994,0.004588055234602892,0.0009153700993063127,0.22229022702353468,HOLD,2026-01-28 15:14:32
FANG,160.27,0.7012620048561243,0.3824386488144141,0.23053223895263983,0.02646259254108401,0.0054593228168861654,0.22215798500588121,HOLD,2026-01-28 15:12:48
KEYS,221.5,0.5564507768548352,0.41434923663468254,0.2088371674168814,0.08873571242536325,0.009173980159347431,0.2207480137544266,HOLD,2026-01-28 15:14:09
AEE,103.58,0.6688535866667047,0.3415760850601396,0.258471333767297,0.031008405153814828,0.005299627626426522,0.22000358236493575,HOLD,2026-01-28 15:11:25
WELL,183.94,0.5742834313260888,0.27176723915646717,0.3308819166979213,0.03192956081722357,0.005604679533809094,0.21855321404348524,HOLD,2026-01-28 15:16:30
MO,63.13,0.5540628801366996,0.4742864821491167,0.19971896085265164,0.03742539984108996,0.004089012641742416,0.21848215519585526,HOLD,2026-01-28 15:11:23
WEC,110.04,0.5093745596826292,0.3294224927811257,0.3055932505227199,0.043358088192740715,0.0006677437737476273,0.21730509607460172,HOLD,2026-01-28 15:16:29
MSI,405.08,0.6975643118009546,0.4041964223612859,0.20821317008965906,0.017848812381006118,0.0019315256995970501,0.217015734295371,HOLD,2026-01-28 15:14:46
KDP,26.71,0.7378910832428078,0.32854531402092935,0.23936569249004164,0.021148188820194258,0.004629245264148183,0.21646336569234761,HOLD,2026-01-28 15:14:08
HIG,130.67,0.5796880550470742,0.3018925205479321,0.30606171367271173,0.024413689860506783,0.004545205943463916,0.21595760287690152,HOLD,2026-01-28 15:13:37
META,668.73,0.5130360524566406,0.47089368188112035,0.20210595470865544,0.010917422088082818,0.02035821982991563,0.21236925641808443,HOLD,2026-01-28 15:14:34
MNST,80.92,0.6693106634120883,0.35273512584891786,0.22009626360498966,0.034287674858519766,0.006621712532604347,0.21168884807071411,HOLD,2026-01-28 15:14:42
GM,84.9,0.7466986838296195,0.287968424033219,0.24886840488198203,0.003069022169316,0.009820430334291017,0.20950196515492175,HOLD,2026-01-28 15:13:31
VTR,75.92,0.6689318818708482,0.3007105232827252,0.21477521517632012,0.0741291813592026,0.005317899469742225,0.20735727356231487,HOLD,2026-01-28 15:16:16
F,13.82,0.3761612390780278,0.39783722089386964,0.2871703950292027,0.0071226818045603876,0.008978322370507818,0.20655488743035116,HOLD,2026-01-28 15:13:22
ECL,281.46,0.515975089049377,0.4047083064882712,0.21961666264241114,0.024563978486209566,0.002608216818951182,0.20385860805634742,HOLD,2026-01-28 15:12:58
WAB,228.89,0.3738645810150089,0.3478076348243701,0.2798635244519616,0.04464594285898803,0.012840478480819002,0.20240432666992483,HOLD,2026-01-28 15:16:25
CINF,158.4,0.3329697282495063,0.30367958170133513,0.28407309537635456,0.10461427607473733,0.0038900125965489313,0.20095567551238128,HOLD,2026-01-28 15:12:18
AJG,242.37,0.5323195388493763,0.18930978790963374,0.2584411811901445,0.1484409109489877,0.0037532745793604737,0.19906510292957735,HOLD,2026-01-28 15:11:39
SO,88.33,0.5613852333879059,0.30238507949009547,0.2657829043075127,0.004838923816756133,0.0012122486990949648,0.19756064503223372,HOLD,2026-01-28 15:15:46
DOV,206.0,0.41203234241749004,0.2733645741197287,0.30359053670252156,0.01730973466698209,0.03358551271833596,0.19713235955351482,HOLD,2026-01-28 15:12:53
AAPL,256.44,0.8156951165629939,0.32910268806495246,0.15000376697491408,0.018189658177394583,0.002150501374290523,0.19645921127210111,HOLD,2026-01-28 15:11:34
ATO,166.0,0.584114294504437,0.28935572581870045,0.2604283883478417,0.00942195373209723,0.0004221702337398316,0.1963799159117037,HOLD,2026-01-28 15:11:42
EIX,62.25,0.5525278837790858,0.34436816780100354,0.2022801218826245,0.01836883917696394,0.03781689248593846,0.19604760483547712,HOLD,2026-01-28 15:12:58
NEE,87.57,0.5866260032047003,0.32970395838213135,0.21713418137688867,0.002308232850840969,0.013880094910415811,0.19298131196221424,HOLD,2026-01-28 15:14:52
NWS,30.61,0.41282451379239116,0.2682898125756334,0.31648353522948597,0.010879982631280437,0.0004830308672233893,0.19215807716291233,HOLD,2026-01-28 15:14:51
WBD,27.98,0.659305687699138,0.3323757039895209,0.19135027549719186,0.008183438962649727,0.001262350138946566,0.19169995003729481,HOLD,2026-01-28 15:16:27
CMS,71.8,0.6473675332116865,0.342157263546946,0.1814489578613049,0.0036856013631454757,0.000607795115509332,0.18846157268468028,HOLD,2026-01-28 15:12:23
CNP,39.79,0.5658217186224206,0.3323152454896739,0.200277895148704,0.022287414674818297,0.002880304538277545,0.1881621333474072,HOLD,2026-01-28 15:12:11
VICI,27.89,0.36487967151959877,0.3517811721463925,0.20890831052997294,0.08614897099409147,0.0021058218443656593,0.1871676533079217,HOLD,2026-01-28 15:16:20
CB,303.65,0.5468371472577762,0.3657256399385317,0.1833924612624169,0.016902240516211184,0.0010705670763164002,0.18644114261071454,HOLD,2026-01-28 15:12:16
EVRG,76.65,0.545786452122558,0.3099094981153393,0.21350619869664275,0.011516014139641768,0.0006142706659370429,0.18303846140543223,HOLD,2026-01-28 15:13:09
ED,105.18,0.5745888646267526,0.36001793045316094,0.1574077959369451,0.028300351150885816,0.0034195405230612983,0.1830287896691804,HOLD,2026-01-28 15:12:29
DTE,136.56,0.5779956871709673,0.36006327882804623,0.16352449508805333,0.010366419037117911,0.002830083193959079,0.1815088734553374,HOLD,2026-01-28 15:12:55
REG,70.45,0.5384751830934594,0.3055696606126563,0.20147435780707826,0.02792858547582792,0.0007003732600019187,0.18112954952116667,HOLD,2026-01-28 15:15:28
PEG,81.45,0.5907388187956427,0.35680304085928805,0.1476497325481105,0.008705651661099531,0.000957226284138624,0.17666198540490266,HOLD,2026-01-28 15:15:20
FE,47.41,0.49612139664726435,0.24531937739973583,0.2274498835736201,0.03811542528976668,0.0007663322098874631,0.17468733171669049,HOLD,2026-01-28 15:13:20
PEP,148.5,0.6617851850301477,0.3276907667402104,0.12542888497464405,0.01593011587288116,0.0025505126510859274,0.17304146304824347,HOLD,2026-01-28 15:15:11
PNW,93.68,0.6935592446883573,0.2930550428674137,0.10688882700251022,0.048706730631218546,0.007246582798723104,0.17122424382905987,HOLD,2026-01-28 15:15:14
TRV,282.04,0.4976328817754004,0.2660994103647346,0.21742200967744885,0.007614734812180218,0.005816759275845173,0.17089607197132667,HOLD,2026-01-28 15:16:06
LNT,66.26,0.5679590484391419,0.2943998123312713,0.1706087949714628,0.009890753073915336,0.000538466216940692,0.1689443496597785,HOLD,2026-01-28 15:11:20
WM,231.6,0.6024335603290706,0.2869898481668746,0.13157676333455817,0.020831746120685404,0.006985316936832983,0.1626777672781531,HOLD,2026-01-28 15:16:28
CME,286.05,0.5304424240130906,0.3133394292679411,0.12330742244417515,0.027218168548629136,0.0016231001444089654,0.15847260872675745,HOLD,2026-01-28 15:12:22
DUK,120.24,0.5251274543618073,0.2811313106039902,0.15177695499201505,0.01607022950146123,0.0017916500663913524,0.1578444699681538,HOLD,2026-01-28 15:12:55
BALL,56.26,0.7773347645725222,0.21548234319117626,0.11816208375787539,0.0011165605954396977,0.0008870855769899306,0.156679299457336,HOLD,2026-01-28 15:11:47
IEX,196.4,0.25468757945381354,0.22082507715571986,0.2591141308617113,0.03193538613773875,0.006554339258023172,0.15506595771419113,HOLD,2026-01-28 15:13:52
PGR,212.74,0.41199901679747414,0.37651076354246193,0.11906985424646203,0.00421563719348743,0.003835539895907158,0.15383324608005733,HOLD,2026-01-28 15:15:19
AIZ,237.29,0.37852915780144225,0.2501392508827116,0.1546162388034531,0.03976834213007803,0.01578844091024563,0.1453769942057872,HOLD,2026-01-28 15:11:40
L,102.81,0.5161655623482003,0.2018472510060733,0.16536335394037885,0.0015035555585055738,0.0001429637611791169,0.14192431648208526,HOLD,2026-01-28 15:14:23
KO,73.06,0.48586260664898323,0.2674829087073546,0.11621682413118199,0.007154282693239714,0.0007631921098565811,0.13853138460634312,HOLD,2026-01-28 15:12:24
JNJ,227.72,0.5249844807224472,0.20495286115717487,0.10709208840692566,0.046167331257273986,0.0007922377598146122,0.13500856062917513,HOLD,2026-01-28 15:14:06
LIN,451.5,0.3958173894725332,0.1921051045799824,0.11792323794097916,0.0020721911270150345,0.0012052078378218317,0.11403521103851093,HOLD,2026-01-28 15:14:20
RSG,217.6,0.42474203586938447,0.2130604476943618,0.08718618332804395,0.004756133630873253,0.0007965351906341183,0.11235268188852547,HOLD,2026-01-28 15:15:29
MCD,312.8,0.33018412809858094,0.21848366479273634,0.10271476409145064,0.0027172632456800914,0.0007992817990557924,0.10823288400478773,HOLD,2026-01-28 15:14:31
ROL,62.83,0.34983599810471844,0.1749355630967995,0.10128500315233029,0.0024904533706928446,3.1833347726052716e-05,0.1008606707192146,HOLD,2026-01-28 15:15:33
HOLX,75.1,0.04622870814326053,0.1928963152661943,0.028582800971280076,0.0034940677189972615,4.893040698673868e-06,0.052476766310888115,HOLD,2026-01-28 15:13:44
DAY,69.36,0.024996635299081166,0.09788921490513323,0.03924546323193727,0.00031348388993555524,2.6526689630526475e-05,0.03391914759642917,HOLD,2026-01-28 15:12:43
EA,203.94,0.01972218683979995,0.0775735164917491,0.010393007508412695,4.916297298667341e-05,2.5278593640389156e-06,0.020615162401323765,HOLD,2026-01-28 15:13:00
