shortName,symbol,price,marketCap,averageVolume,revenueGrowth,earningsGrowth,netIncomeToCommon,returnOnEquity,debtToEquity,currentRatio,freeCashflow,forwardPE,pegRatio
3M Company,MMM,153.16,81362427904,3217267,0.02,-0.195,3249999872.0,0.75501,268.991,1.708,-1629624960.0,16.379452,
A.O. Smith Corporation,AOS,73.49,10298123264,1317447,0.0,0.191,546200000.0,0.29197,10.339,1.497,437962496.0,16.813894,
Abbott Laboratories,ABT,109.3,190232182784,8055457,0.044,-0.808,6524000256.0,0.13158,25.31,,,17.522007,
AbbVie Inc.,ABBV,223.01,394144415744,6193301,0.091,-0.887,2348000000.0,1.37961,,0.725,20799000576.0,15.679026,
Accenture plc,ACN,263.64,163493429248,4020575,0.06,-0.016,7611100160.0,0.25016,25.694,1.411,11122880512.0,17.70475,
Adobe Inc.,ADBE,293.25,122754449408,4283080,0.105,0.172,7129999872.0,0.55426,57.266,0.996,8805874688.0,11.115815,
"Advanced Micro Devices, Inc.",AMD,236.73,385406271488,39513529,0.356,0.603,3131000064.0,0.05317,6.366,2.308,3245499904.0,35.82584,
The AES Corporation,AES,14.65,10432571392,8126360,0.019,0.253,1079000064.0,0.05106,302.896,0.723,-3689874944.0,6.3154716,
AFLAC Incorporated,AFL,110.95,59339550720,2380678,0.607,,4168999936.0,0.1558,50.003,1.089,6489999872.0,15.171176,
"Agilent Technologies, Inc.",A,133.85,37946531840,1998111,0.094,0.245,1303000064.0,0.20618999,52.559,1.957,998499968.0,20.446102,
"Air Products and Chemicals, Inc",APD,272.5,60656254976,1651121,0.058,0.097,-325700000.0,-0.01667,101.691,1.459,-6141662720.0,19.605982,
"Airbnb, Inc.",ABNB,129.37,79204925440,4727744,0.097,0.038,2631000064.0,0.30776,26.458,1.392,3233625088.0,26.788006,
"Akamai Technologies, Inc.",AKAM,97.15,13976507392,3440640,0.05,1.553,506864000.0,0.10642,110.548,2.281,565246016.0,13.251836,
Albemarle Corporation,ALB,170.63,20082731008,3600657,-0.035,,-187907008.0,0.00209,36.655,2.273,-155030256.0,65.38801,
Alexandria Real Estate Equities,ARE,54.64,9469131776,2913037,-0.052,,-1437986944.0,-0.05856,66.615,1.617,1345210624.0,-683.0,
"Align Technology, Inc.",ALGN,163.03,11817452544,1193936,0.018,-0.497,378398016.0,0.095769994,3.064,1.289,588808768.0,14.792991,
Allegion plc,ALLE,165.39,14228824064,824391,0.107,0.095,640400000.0,0.36411,116.084,1.771,512487488.0,18.673977,
Alliant Energy Corporation,LNT,65.91,16942409728,2094760,0.119,-0.052,818000000.0,0.11461,163.145,0.825,-1113874944.0,19.249979,
Allstate Corporation (The),ALL,198.99,52434927616,1656291,0.038,2.222,8261000192.0,0.34469002,29.43,0.426,6504249856.0,8.178096,
Alphabet Inc.,GOOGL,338.0,4093897080832,35328359,0.159,0.353,124250996736.0,0.3545,11.424,1.747,47997751296.0,29.995413,
Alphabet Inc.,GOOG,338.53,4086677897216,22797896,0.159,0.353,124250996736.0,0.3545,11.424,1.747,47997751296.0,30.02723,
"Altria Group, Inc.",MO,61.99,104060854272,9626781,-0.005,-0.631,6946999808.0,,,0.648,,10.679131,
"Amazon.com, Inc.",AMZN,239.3,2558168662016,41512196,0.134,0.364,76482002944.0,0.24327,43.405,1.009,26080000000.0,30.35473,
Amcor plc,AMCR,44.25,20428986368,4870166,0.713,-0.144,582000000.0,0.07467,134.68,1.042,413124992.0,9.962649,
Ameren Corporation,AEE,103.28,27936714752,1698255,0.248,0.382,1411000064.0,0.11387,155.736,0.93,-2117750016.0,19.263409,
American Electric Power Company,AEP,119.775,64111439872,3392409,0.109,0.006,3662099968.0,0.12923001,152.132,0.686,-4280337408.0,18.949343,
American Express Company,AXP,352.17,242592890880,2704501,0.106,0.164,10700999680.0,0.33992,172.546,1.775,,17.612587,
"American International Group, I",AIG,74.88,41483804672,5043786,-0.041,0.323,3304999936.0,0.07688,22.48,0.617,9084624896.0,9.537444,
American Tower Corporation (REI,AMT,179.28,83948077056,3179800,0.077,,2938400000.0,0.28839,418.09,0.59,4248437504.0,25.838625,
"American Water Works Company, I",AWK,129.13,25203228672,1811919,0.097,0.081,1112000000.0,0.10457,140.983,0.421,-1447250048.0,21.160007,
"Ameriprise Financial, Inc.",AMP,527.19,48978964480,606706,0.086,-0.011,3625999872.0,0.59589,50.038,2.435,2814249984.0,11.585746,
"AMETEK, Inc.",AME,223.98,51729063936,1351367,0.108,0.088,1468797952.0,0.14632,26.09,1.155,1368788736.0,27.972393,
Amgen Inc.,AMGN,341.88,184095768576,2911690,0.124,0.136,7005000192.0,0.8171,567.491,1.28,11408624640.0,15.444093,
Amphenol Corporation,APH,144.08,176361930752,8926711,0.491,0.578,4270299904.0,0.36851,114.747,2.979,3422050048.0,27.996923,
"Analog Devices, Inc.",ADI,310.88,152223678464,3793862,0.259,0.661,2267342080.0,0.06573,26.5,2.19,3904020224.0,27.14763,
Aon plc,AON,349.64,75149967360,1085342,0.037,1.382,3695000064.0,0.4694,166.422,1.11,2767624960.0,16.353312,
APA Corporation,APA,26.41,9449140224,6297726,-0.164,,1508999936.0,0.27427998,66.895,0.775,3169250048.0,12.114678,
"Apollo Global Management, Inc. ",APO,134.54,78090051584,3168988,0.264,1.153,4064000000.0,0.16549,94.598,1.986,,14.658807,
Apple Inc.,AAPL,259.48,3813817974784,46590713,0.157,0.183,117776998400.0,1.5202099,102.63,0.974,106312753152.0,27.95913,
"Applied Materials, Inc.",AMAT,322.32,255832309760,7498898,-0.035,0.133,6998000128.0,0.35508,34.533,2.61,3653250048.0,26.726723,
Applovin Corporation,APP,473.11,160029409280,4560045,0.682,0.959,2916342016.0,2.41886,238.274,3.25,2517527296.0,33.93177,
Aptiv PLC,APTV,75.75,16495305728,2310611,0.074,,295000000.0,0.03294,85.425,1.793,1664000000.0,8.92162,
Arch Capital Group Ltd.,ACGL,96.04,35844075520,2225157,0.082,0.391,4056000000.0,0.17811,11.501,0.564,6687499776.0,10.248301,
Archer-Daniels-Midland Company,ADM,67.31,32347146240,3349724,0.022,4.891,1188999936.0,0.05242,40.467,1.372,2467624960.0,15.865084,
Ares Management Corporation,ARES,149.67,49035575296,2992088,0.467,1.088,511825984.0,0.17087999,147.431,0.492,2013002624.0,22.766476,
"Arista Networks, Inc.",ANET,141.74,178491080704,7888613,0.275,0.155,3356553984.0,0.31736,,3.254,3268608000.0,42.159054,
Arthur J. Gallagher & Co.,AJG,249.37,64082104320,1782154,0.367,-0.482,1494000000.0,0.06906,57.759,1.056,,16.714523,
"Assurant, Inc.",AIZ,238.13,12015852544,314191,0.089,1.027,848800000.0,0.15413,38.316,0.41,988275008.0,11.425948,
AT&T Inc.,T,26.21,185814466560,44055078,0.036,-0.055,21888999424.0,0.18805,120.664,0.906,14092499968.0,10.303644,
Atmos Energy Corporation,ATO,166.34,26905161728,1245827,0.121,0.256,1198267008.0,0.09323,68.616,0.773,-1818661632.0,18.987978,
"Autodesk, Inc.",ADSK,252.87,53861310464,1641119,0.18,0.26,1111000064.0,0.40333998,94.504,0.823,2541374976.0,21.723759,
"Automatic Data Processing, Inc.",ADP,246.82,99826040832,2334465,0.062,0.115,4235300096.0,0.73843,70.044,1.032,3457787392.0,20.696167,
"AutoZone, Inc.",AZO,3704.29,61612212224,163900,0.082,-0.046,2464136960.0,,,0.86,1150775424.0,21.160591,
"AvalonBay Communities, Inc.",AVB,177.67,25297190912,1087367,0.044,0.024,1166467968.0,0.09754,73.165,0.707,1317851776.0,34.664948,
Avery Dennison Corporation,AVY,185.51,14339067904,678732,0.015,-0.053,695600000.0,0.30211002,171.013,1.264,666062528.0,17.810595,
"Axon Enterprise, Inc.",AXON,483.58,38414270464,897616,0.306,,257095008.0,0.10028,69.33,3.124,248673872.0,64.15102,
Baker Hughes Company,BKR,56.04,55298809856,8060849,0.003,-0.256,2588000000.0,0.14552,32.02,1.357,1384375040.0,19.256409,
Ball Corporation,BALL,56.87,15477107712,2661375,0.096,0.811,712000000.0,0.117469996,138.426,1.105,128125000.0,14.313184,
Bank of America Corporation,BAC,53.2,388492787712,37769778,0.132,0.209,29055000576.0,0.1019,,,,10.733878,
Baxter International Inc.,BAX,20.07,10317100032,8569452,0.05,,-344000000.0,-0.04658,134.627,1.837,2620375040.0,8.848504,
"Becton, Dickinson and Company",BDX,203.48,58076966912,2183460,0.083,0.252,1678000000.0,0.06544,78.85,1.113,3604875008.0,12.83796,
Berkshire Hathaway Inc. New,BRK.B,480.53,1036664111104,4947606,0.021,0.172,67463000064.0,0.1017,18.166,2.722,48615874560.0,19.864155,
"Best Buy Co., Inc.",BBY,65.1,13677591552,4329578,0.024,-0.476,645000000.0,0.22493,154.542,1.045,1144249984.0,9.657364,
Bio-Techne Corp,TECH,64.09,9986035712,2005744,-0.01,0.143,77948000.0,0.038,20.067,4.217,278545504.0,29.588968,
Biogen Inc.,BIIB,179.89,26390272000,1958080,0.028,0.192,1608499968.0,0.09307,36.194,2.716,2137600000.0,11.9642,
"BlackRock, Inc.",BLK,1118.94,173604552704,651726,0.234,-0.327,5552999936.0,0.10686,24.32,,,18.052025,
Blackstone Inc.,BX,142.42,180037910528,4036475,0.506,0.425,3019214080.0,0.29228002,60.811,1.022,,17.872494,
"Block, Inc.",XYZ,60.43,36837163008,7301819,0.023,0.644,3135894016.0,0.14692001,36.049,2.183,241061248.0,18.672443,
The Bank of New York Mellon Cor,BK,119.92,83626106880,3517242,0.078,0.308,5305999872.0,0.12898,,,,12.831391,
Boeing Company (The),BA,233.72,183019405312,8539836,0.571,,1890000000.0,2.90084,1035.917,1.188,2076999936.0,40.82089,
Booking Holdings Inc. Common St,BKNG,5001.84,162109063168,245603,0.127,0.135,5043999744.0,,,1.334,6635874816.0,18.801294,
Boston Scientific Corporation,BSX,93.53,138706845696,10113824,0.203,0.6,2791000064.0,0.12488,50.973,1.508,3065125120.0,26.939217,
Bristol-Myers Squibb Company,BMY,55.05,112068206592,14477893,0.028,0.809,6039000064.0,0.33777002,274.414,1.266,14718374912.0,9.158454,
Broadcom Inc.,AVGO,331.3,1570783887360,29914786,0.164,1.881,23125999616.0,0.31048,166.032,1.705,25044125696.0,23.076942,
"Broadridge Financial Solutions,",BR,197.11,23008169984,756032,0.117,1.059,925100032.0,0.38215,132.063,0.927,1151874944.0,19.192944,
"Brown & Brown, Inc.",BRO,72.1,24616439808,2702359,0.361,-0.193,1054000000.0,0.11226,62.475,1.039,1382125056.0,14.483611,
Brown Forman Inc,BF.B,27.37,12678042624,4891488,-0.054,-0.139,810000000.0,0.20666,64.03,2.974,562249984.0,15.814502,
"Builders FirstSource, Inc.",BLDR,114.4,12650419200,2062473,-0.069,-0.549,593963008.0,0.13555999,117.723,1.786,764492224.0,18.199144,
Bunge Limited,BG,113.88,22019954688,1534391,0.716,-0.46,1326000000.0,0.09758,102.816,1.66,-7760625152.0,12.73683,
"BXP, Inc.",BXP,64.67,11445048320,1510795,0.083,,276800000.0,0.04916,225.887,1.483,,27.875,
"C.H. Robinson Worldwide, Inc.",CHRW,194.95,23030841344,1659518,-0.065,-0.086,587081024.0,0.32911,75.604,1.528,743426368.0,27.25407,
"Cadence Design Systems, Inc.",CDNS,296.36,80755130368,1746086,0.101,0.207,1060961984.0,0.21736,47.685,3.048,1384099840.0,36.804985,
Camden Property Trust,CPT,109.05,11652290560,1453637,0.021,,268553984.0,0.059310004,81.136,0.052,727876608.0,87.43867,
The Campbell's Company,CPB,27.98,8341795840,6776052,-0.034,-0.097,578000000.0,0.14815,184.567,0.819,630499968.0,10.814529,
Capital One Financial Corporati,COF,218.93,139181162496,4483990,0.516,0.222,1816000000.0,0.02394,,,,8.750115,
"Cardinal Health, Inc.",CAH,214.88,51054424064,2122326,0.224,0.106,1595000064.0,,,0.957,4700624896.0,19.030378,
Carnival Corporation,CCL,30.02,41497157632,20414840,0.066,0.358,2760000000.0,0.25632998,227.882,0.322,1549250048.0,10.615127,
Carrier Global Corporation,CARR,59.58,50703941632,7382722,-0.068,0.005,1379000064.0,0.0998,83.159,1.141,2499749888.0,20.717426,
Carvana Co.,CVNA,401.11,86962028544,4174024,0.545,0.609,629000000.0,0.6815,192.409,4.047,57250000.0,53.824516,
"Caterpillar, Inc.",CAT,657.36,307959300096,2496922,0.18,-0.115,8883999744.0,0.43526,203.255,1.436,5507250176.0,24.085367,
"Cboe Global Markets, Inc.",CBOE,265.06,27737073664,744975,0.081,0.377,978200000.0,0.21621001,32.645,1.718,987800000.0,23.656776,
CBRE Group Inc,CBRE,170.33,50689015808,1353177,0.135,0.658,1228000000.0,0.14091,104.121,1.127,1347250048.0,23.098225,
CDW Corporation,CDW,126.39,16564767744,1699865,0.04,-0.056,1051299968.0,0.43007,239.737,1.39,931262528.0,12.027509,
"Cencora, Inc.",COR,359.22,69877661696,1418216,0.059,,1554168960.0,1.23751,534.1,0.903,3283074560.0,18.48704,
Centene Corporation,CNC,43.32,21292560384,7140811,0.215,,-5289999872.0,-0.2186,83.51,1.084,4424000000.0,14.488295,
"CenterPoint Energy, Inc (Holdin",CNP,39.69,25912340480,4711109,0.071,0.506,1036000000.0,0.09606,202.111,0.513,-3115124992.0,20.80276,
"CF Industries Holdings, Inc.",CF,93.23,15100739584,2471595,0.211,0.416,1379000064.0,0.21967,44.133,2.273,1361750016.0,12.382245,
Charles River Laboratories Inte,CRL,210.48,10358872064,821811,-0.005,-0.173,-83482000.0,-0.021879999,76.251,1.366,548048000.0,19.215881,
Charles Schwab Corporation (The,SCHW,103.92,188637593600,8786973,0.189,0.418,8416999936.0,0.18110001,99.789,,,15.173062,
"Charter Communications, Inc.",CHTR,206.12,26673858560,1947362,-0.023,0.024,5120999936.0,0.31327,468.848,0.375,2906874880.0,4.341954,
Chevron Corporation,CVX,176.9,353685635072,9948229,11.299,9.884,49195999232.0,0.28639,21.239,,,19.778688,
"Chipotle Mexican Grill, Inc.",CMG,38.87,52120199168,20043906,0.075,0.022,1536593024.0,0.44958,154.574,1.542,1142371328.0,31.920834,
Chubb Limited,CB,309.56,123418566656,1670193,0.091,0.226,9674999808.0,0.1364,30.958,0.38,12573875200.0,11.710702,
"Church & Dwight Company, Inc.",CHD,96.25,23447336960,2532619,0.039,-0.21,736800000.0,0.1762,55.097,1.066,1101200000.0,24.101002,
The Cigna Group,CI,274.11,73221857280,1844663,0.095,1.654,6146999808.0,0.15538,81.021,0.828,8630625280.0,8.998004,
Cincinnati Financial Corporatio,CINF,160.89,25159401472,576501,0.122,0.367,2122000000.0,0.14529,5.732,1.118,1700875008.0,18.912992,
Cintas Corporation,CTAS,191.39,76913262592,2002896,0.093,0.11,1891880960.0,0.43396,72.656,1.705,1546515584.0,35.387676,
"Cisco Systems, Inc.",CSCO,78.32,309449719808,21274281,0.075,0.06,10328999936.0,0.22418,63.228,0.927,12405999616.0,17.507582,
"Citigroup, Inc.",C,115.71,207035990016,13435724,0.037,-0.108,13024000000.0,0.06831,,,,9.630462,
"Citizens Financial Group, Inc.",CFG,62.98,27049039872,4758575,0.107,0.359,1688000000.0,0.07241,,,,10.043888,
Clorox Company (The),CLX,112.79,13758167040,2358291,-0.189,-0.187,791000000.0,4.43646,2230.435,0.759,861625024.0,16.727993,
CME Group Inc.,CME,289.06,103920656384,1904190,-0.03,-0.004,3716699904.0,0.13346,13.372,1.021,2836375040.0,24.662476,
CMS Energy Corporation,CMS,71.49,21755820032,2589962,0.16,0.092,1037000000.0,0.11233,191.676,0.899,-1545124992.0,18.546816,
Coca-Cola Company (The),KO,74.81,321957330944,16868039,0.051,0.301,13031000064.0,0.42442,144.771,1.211,1412875008.0,23.230827,
Cognizant Technology Solutions ,CTSH,82.06,40077770752,4659039,0.074,-0.521,2128000000.0,0.14501001,7.854,2.358,2306249984.0,14.572589,
"Coinbase Global, Inc. - 3",COIN,194.74,52513124352,9172670,0.589,4.306,3217709056.0,0.26005,48.559,2.404,-1097911808.0,29.840593,
Colgate-Palmolive Company,CL,90.29,72974254080,6668421,0.058,,2132000000.0,4.9747,2188.493,0.995,2889374976.0,21.887634,
Comcast Corporation,CMCSA,29.75,117249646592,39238583,0.012,-0.52,19997999104.0,0.2141,101.603,0.882,6278125056.0,7.4623494,
"Comfort Systems USA, Inc.",FIX,1142.1,40294944768,573218,0.352,1.017,837622016.0,0.43842,18.973,1.221,622054272.0,37.098404,
"ConAgra Brands, Inc.",CAG,18.51,8854619136,10893321,-0.068,,-98000000.0,-0.0116,94.229,0.891,787687488.0,10.233191,
ConocoPhillips,COP,104.23,130177261568,7743842,0.14,-0.216,8824000512.0,0.15421,36.169,1.323,6092499968.0,19.660215,
"Consolidated Edison, Inc.",ED,106.63,38486564864,2136473,0.107,0.124,2036000000.0,0.08839,110.373,1.075,-85625000.0,17.678236,
"Constellation Brands, Inc.",STZ,156.7,27280508928,2595468,-0.098,-0.15,1109600000.0,0.14454001,133.293,1.339,1969687552.0,12.680476,
Constellation Energy Corporatio,CEG,280.68,101687574528,2977606,0.003,-0.223,2739000064.0,0.19839,61.51,1.563,3059000064.0,24.297174,
"The Cooper Companies, Inc.",COO,81.38,16179069952,2663245,0.046,-0.282,374900000.0,0.045939997,33.785,1.893,376587488.0,16.417189,
"Copart, Inc.",CPRT,40.58,39282159616,8869936,0.007,0.108,1594077056.0,0.18124,1.039,7.939,1070628608.0,22.512678,
Corning Incorporated,GLW,103.25,88522457088,6725826,0.204,0.764,1596000000.0,0.14904,68.53,1.588,716000000.0,27.21266,
"Corpay, Inc.",CPAY,314.63,22217404416,569411,0.139,0.003,1051297024.0,0.29097,201.153,1.134,1306636800.0,12.734159,
"Corteva, Inc.",CTVA,72.8,49438482432,3759722,0.126,,1680999936.0,0.06705,17.175,1.578,2547749888.0,19.89642,
"CoStar Group, Inc.",CSGP,61.5,26065100800,5141252,0.204,,20300000.0,0.00252,13.126,3.121,113800000.0,46.227394,
Costco Wholesale Corporation,COST,940.25,417431224320,2748391,0.083,0.114,8302000128.0,0.30325,26.968,1.038,7170250240.0,42.32895,
Coterra Energy Inc.,CTRA,28.85,22016587776,8842172,0.349,0.235,1646000000.0,0.118549995,27.957,1.025,950875008.0,13.026419,
CRH PLC,CRH,122.41,81815109632,7656814,0.053,0.122,3407000064.0,0.14487,83.856,1.453,1544499968.0,20.23453,
"CrowdStrike Holdings, Inc.",CRWD,441.405,111277506560,2420816,0.222,,-314160992.0,-0.088149995,20.154,1.811,1416660352.0,91.31881,
Crown Castle Inc.,CCI,86.81,37803929600,2840057,-0.043,0.066,-3929999872.0,-2.06679,,0.259,1318125056.0,26.246567,
CSX Corporation,CSX,37.76,70395092992,13359452,-0.009,0.012,2888999936.0,0.22511,143.412,0.814,946625024.0,18.089054,
Cummins Inc.,CMI,578.82,79898148864,893114,-0.016,-0.341,2668000000.0,0.22767,62.949,1.769,1640249984.0,21.937191,
CVS Health Corporation,CVS,74.52,94598103040,7955186,0.078,,469000000.0,0.0057800002,111.821,0.832,6976625152.0,10.390943,
Danaher Corporation,DHR,218.89,154733330432,3602968,0.046,0.125,3600000000.0,0.07053,35.055,1.874,4317624832.0,23.9652,
"Darden Restaurants, Inc.",DRI,199.35,23187148800,1629993,0.073,0.118,1123000064.0,0.54104,401.269,0.394,628675008.0,17.490524,
"Datadog, Inc.",DDOG,129.32,45348745216,5001060,0.284,-0.337,106768000.0,0.03519,37.199,3.663,838500736.0,55.205746,
DaVita Inc.,DVA,109.34,7817809920,913786,0.048,-0.184,771915008.0,0.61618,953.093,1.363,956624000.0,8.584479,
"Dayforce, Inc.",DAY,69.27,11085621248,3274232,0.095,,-149800000.0,-0.05706,45.53,1.043,200750000.0,25.338911,
Deckers Outdoor Corporation,DECK,119.34,17703297024,3279032,0.071,0.11,1039910976.0,0.39688,13.14,2.856,,16.478418,
Deere & Company,DE,528.0,143127314432,1442019,0.126,-0.137,5026999808.0,0.20427999,248.418,2.262,2737125120.0,23.971561,
Dell Technologies Inc.,DELL,114.44,76697714688,6889934,0.108,0.39,5209999872.0,,,0.853,3035124992.0,9.959099,
"Delta Air Lines, Inc.",DAL,65.89,43023716352,7761950,0.029,0.444,5005000192.0,0.2777,102.992,0.396,,7.890867,
Devon Energy Corporation,DVN,40.21,25525307392,8807852,0.071,-0.162,2719000064.0,0.18586999,56.274,0.957,2007000064.0,10.972787,
"DexCom, Inc.",DXCM,73.04,28643020800,6014872,0.216,1.099,720700032.0,0.30635,94.479,1.565,783387520.0,29.457195,
"Diamondback Energy, Inc.",FANG,163.95,47461249024,1823090,0.42,0.1,4177999872.0,0.10901,35.66,0.623,-2041874944.0,16.381517,
"Digital Realty Trust, Inc.",DLR,165.95,58033467392,1976921,0.111,0.603,1358786944.0,0.05825,79.248,1.304,2183965440.0,46.014015,
Dollar General Corporation,DG,143.43,31571646464,3641309,0.046,0.438,1277228032.0,0.16450001,201.663,1.171,1971688448.0,20.15355,
"Dollar Tree, Inc.",DLTR,117.59,23984578560,3375780,0.094,0.106,1113799936.0,0.20066999,221.055,0.959,1654437504.0,17.525661,
"Dominion Energy, Inc.",D,60.17,51379961856,6226585,0.149,0.062,2609999872.0,0.09204,154.315,0.845,-9946749952.0,16.721134,
Domino's Pizza Inc,DPZ,410.33,13930259456,582516,0.031,0.301,589505024.0,,,1.609,477574752.0,20.985859,
"DoorDash, Inc.",DASH,204.62,88190918656,5399837,0.273,0.459,863000000.0,0.100430004,34.255,2.045,-1816125056.0,33.644646,
Dover Corporation,DOV,201.49,27635001344,1122765,0.088,-0.801,1097428992.0,0.15285,44.941,1.79,871056128.0,17.5084,
Dow Inc.,DOW,27.55,19759476736,12171100,-0.091,,-2623000064.0,-0.13818,111.848,1.967,-1153124992.0,33.448673,
"D.R. Horton, Inc.",DHI,148.84,43327254528,3161447,-0.095,-0.222,3335099904.0,0.13477,22.872,6.332,-546750016.0,12.087114,
DTE Energy Company,DTE,134.38,27908444160,1633540,0.214,-0.124,1382000000.0,0.11658,207.975,1.152,-1633874944.0,17.387907,
Duke Energy Corporation (Holdin,DUK,121.35,94369193984,3613624,0.048,0.127,4921999872.0,0.09905,170.344,0.629,-1939250048.0,18.117186,
"DuPont de Nemours, Inc.",DD,43.92,18401394688,5895514,0.073,,726000000.0,0.03217,39.673,2.002,-1093124992.0,20.357838,
"Eaton Corporation, PLC",ETN,351.42,136807809024,3024927,0.101,0.024,3926000128.0,0.20653,59.661,1.28,2315500032.0,26.000046,
eBay Inc.,EBAY,91.22,41687539712,4271291,0.095,0.054,2151000064.0,0.42430001,151.155,0.925,1598749952.0,15.593189,
Ecolab Inc.,ECL,281.99,79979380736,1338736,0.178,,1984600064.0,0.21869,103.915,1.697,1397549952.0,33.27178,
Edison International,EIX,62.28,23967461376,3084411,0.106,0.636,2951000064.0,0.15765001,204.02,0.82,-1180499968.0,10.121234,
Edwards Lifesciences Corporatio,EW,81.36,47766458368,3432970,0.147,-0.903,1342200064.0,0.13492,6.862,4.004,524500000.0,27.93208,
Electronic Arts Inc.,EA,203.92,51001643008,1972104,-0.092,-0.514,885000000.0,0.13201,36.65,0.838,1503500032.0,22.025286,
"Elevance Health, Inc.",ELV,345.74,77853147136,1607888,0.095,0.363,5662000128.0,0.1325,72.789,1.535,3554500096.0,11.614891,
"EMCOR Group, Inc.",EME,720.73,32264099840,372986,0.164,0.133,1130370944.0,0.37088,12.915,1.192,860133760.0,25.985126,
Emerson Electric Company,EMR,146.96,82635915264,2698355,0.051,-0.353,2284999936.0,0.09363,67.785,0.876,2741250048.0,20.653475,
Entergy Corporation,ETR,95.89,42824175616,2559398,0.125,0.02,1808936960.0,0.11188,179.362,0.713,-3257634304.0,21.799475,
"EOG Resources, Inc.",EOG,112.13,61222240256,4120837,-0.024,-0.085,5529999872.0,0.18476999,26.835,1.624,2926749952.0,11.638878,
"EPAM Systems, Inc.",EPAM,208.6,11618375680,859109,0.194,-0.194,371623008.0,0.10207,4.165,3.022,568759616.0,16.695414,
EQT Corporation,EQT,57.73,36027609088,9436504,0.514,,1780542976.0,0.08488,30.675,0.578,1615665408.0,13.7308855,
"Equifax, Inc.",EFX,201.4,24811950080,1516181,0.072,0.142,658499968.0,0.13066,94.824,0.738,909025024.0,23.085104,
"Equinix, Inc.",EQIX,820.93,80603897856,553086,0.066,0.229,1071000000.0,0.077,147.969,1.34,3821750016.0,53.538925,
Equity Residential,EQR,62.32,24526776320,2350449,0.046,1.009,1155692032.0,0.10444,76.237,0.165,1397780608.0,43.33676,
Erie Indemnity Company,ERIE,283.01,14798556160,164950,0.067,0.144,647984000.0,0.30444,2.353,1.669,409099616.0,20.200571,
"Essex Property Trust, Inc.",ESS,251.87,17396275200,512622,0.062,0.389,846545984.0,0.15987,115.144,0.457,943816256.0,42.326393,
"Estee Lauder Companies, Inc. (T",EL,115.28,41542328320,3495139,0.036,,-930000000.0,-0.20727,242.211,1.321,1587500032.0,39.18729,
"Everest Group, Ltd.",EG,331.28,13906490368,387196,-0.009,-0.484,547000000.0,0.03595,23.337,0.408,4658250240.0,6.029683,
"Evergy, Inc.",EVRG,76.73,17664331776,2060947,-0.001,0.005,849500032.0,0.08454,142.45,0.516,-477237504.0,17.908657,
Eversource Energy (D/B/A),ES,69.13,25936824320,2639226,0.051,,1343586048.0,0.0861,184.357,0.715,103500128.0,13.925314,
Exelon Corporation,EXC,44.78,45227229184,7565659,0.09,0.229,2820999936.0,0.10308,177.601,0.939,-1639750016.0,15.782442,
Expand Energy Corporation,EXE,112.41,26772656128,3331809,3.193,,867000000.0,0.061189998,27.95,0.81,2199749888.0,12.599178,
"Expedia Group, Inc.",EXPE,264.84,32764833792,2048814,0.087,0.454,1388000000.0,0.53886,250.289,0.744,2561874944.0,14.7487955,
Expeditors International of Was,EXPD,160.54,21788252160,1486768,-0.035,0.006,845502976.0,0.36505002,24.549,1.794,743463488.0,26.810286,
Extra Space Storage Inc,EXR,137.97,30574352384,1269855,0.034,-0.142,947441984.0,0.06786,94.252,1.46,880051136.0,28.98688,
Exxon Mobil Corporation,XOM,141.4,596307214336,16857727,-0.001,-0.11,28843999232.0,0.110810004,16.329,1.153,19227500544.0,17.245941,
"F5, Inc.",FFIV,275.61,16010078208,1242403,0.073,0.099,705988992.0,0.20844,6.638,1.554,714948224.0,16.41275,
FactSet Research Systems Inc.,FDS,254.36,9518135296,767327,0.068,0.044,599598016.0,0.28831,71.961,1.544,545510144.0,13.383748,
Fair Isaac Corporation,FICO,1463.17,34709516288,233829,0.164,0.077,657790976.0,,,0.929,573164032.0,27.846785,
Fastenal Company,FAST,43.36,49779773440,7758726,0.111,0.138,1258400000.0,0.33291,11.205,4.852,805237504.0,32.42936,
Federal Realty Investment Trust,FRT,101.16,8780611584,698567,0.06,-0.011,337579008.0,0.10516,138.76,0.369,408558016.0,32.027557,
FedEx Corporation,FDX,322.25,76036644864,1750473,0.139,-0.133,4330999808.0,0.15886,,1.274,4642124800.0,15.166746,
Fidelity National Information S,FIS,55.25,28861417472,3273447,0.057,0.22,177000000.0,0.011829999,94.272,0.532,2390500096.0,8.843156,
Fifth Third Bancorp,FITB,50.22,33205364736,9340572,0.115,0.208,2376000000.0,0.121929996,,,,10.216372,
"First Solar, Inc.",FSLR,225.52,24200132608,2161377,0.797,0.457,1400461952.0,0.16864,9.893,1.91,168763744.0,9.696678,
FirstEnergy Corp.,FE,47.34,27346685952,4510468,0.112,0.045,1330000000.0,0.11192001,193.669,0.747,-1862249984.0,17.392965,
"Fiserv, Inc.",FISV,63.73,34643189760,10129715,,,,,,,,7.766789,
Ford Motor Company,F,13.88,55304843264,58290106,0.094,1.727,4705999872.0,0.10295,346.673,1.121,3968624896.0,8.975918,
"Fortinet, Inc.",FTNT,81.26,62266781696,5993591,0.144,-0.114,1873600000.0,2.28043,148.116,1.027,1709100032.0,27.59778,
Fortive Corporation,FTV,52.81,17867542528,3149924,0.023,-0.742,884800000.0,0.103649996,52.244,0.701,1297374976.0,18.59422,
Fox Corporation,FOXA,72.78,32310151168,3336673,0.049,-0.258,2035000064.0,0.17272,60.136,3.238,2113874944.0,14.374508,
Fox Corporation,FOX,65.57,30877743104,1436665,0.049,-0.258,2035000064.0,0.17272,60.136,3.238,2113874944.0,13.0228405,
"Franklin Resources, Inc.",BEN,26.62,13862723584,4705632,0.034,0.606,563600000.0,,23.699,,,9.419742,
"Freeport-McMoRan, Inc.",FCX,60.23,86486097920,18222465,-0.015,0.477,2204000000.0,0.13946,33.768,2.291,1371124992.0,18.120934,
Garmin Ltd.,GRMN,201.64,38814478336,1019516,0.117,0.005,1570939008.0,0.19655001,2.342,3.316,908814848.0,23.124674,
"Gartner, Inc.",IT,209.61,15874979840,983370,0.027,-0.912,885651968.0,1.0925701,512.089,0.878,1072338112.0,15.573827,
GE Aerospace,GE,306.79,323606347776,5002275,0.176,0.372,8600999936.0,0.44692,108.445,1.041,,36.27736,
GE HealthCare Technologies Inc.,GEHC,78.97,36054704128,3521237,0.058,-0.041,2216000000.0,0.24450001,105.127,1.181,1485250048.0,16.031393,
GE Vernova Inc.,GEV,726.37,197079040000,3256454,0.038,6.717,4883999744.0,0.42641,9.719,0.982,5277749760.0,33.204453,
Gen Digital Inc.,GEN,23.99,14795019264,5020011,0.253,-0.192,570000000.0,0.25027,356.98,0.505,1076625024.0,8.396361,
Generac Holdlings Inc.,GNRC,168.04,9861269504,1077524,-0.05,-0.407,312870016.0,0.11969,56.133,2.183,227941872.0,20.81612,
General Dynamics Corporation,GD,351.09,94931140608,1262547,0.078,0.005,4209999872.0,0.17658001,31.274,1.444,3671249920.0,18.986294,
"General Mills, Inc.",GIS,46.26,24683505664,7209914,-0.072,-0.458,2526299904.0,0.27173,147.23,0.657,2478249984.0,12.387897,
General Motors Company,GM,84.0,78360346624,9049509,-0.051,,3180000000.0,0.04318,208.299,1.165,8559625216.0,6.2046742,
Genuine Parts Company,GPC,138.99,19334969344,1122254,0.049,0.0,808499008.0,0.16994,133.159,1.137,259586496.0,16.524672,
"Gilead Sciences, Inc.",GILD,141.95,176132538368,7238593,0.03,1.43,8110000128.0,0.40706003,116.243,1.453,8028000256.0,16.238724,
Global Payments Inc.,GPN,71.74,20088041472,2763852,0.005,1.131,1636066048.0,0.07233,69.198,0.855,2422775808.0,5.2173634,
Globe Life Inc.,GL,140.22,11358315520,509501,0.04,0.375,1150350976.0,0.22277,55.217,0.695,1392902912.0,9.331495,
GoDaddy Inc.,GDDY,100.52,13916895232,1449265,0.103,0.144,828499968.0,3.69454,4217.211,0.569,1217712512.0,9.348088,
"Goldman Sachs Group, Inc. (The)",GS,935.41,283168309248,2175495,0.152,0.173,16300000256.0,0.13885,528.8,2.795,,14.389446,
Halliburton Company,HAL,33.52,28579223552,12134277,0.008,0.001,1283000064.0,0.12274,77.42,2.04,2062625024.0,12.491289,
"The Hartford Insurance Group, I",HIG,135.06,37668274176,1470385,0.065,0.395,3815000064.0,0.21656,23.031,1.841,,9.386618,
"Hasbro, Inc.",HAS,89.31,12533498880,1693709,0.083,0.031,-558300032.0,-0.62839,771.392,1.705,460337504.0,16.879639,
"HCA Healthcare, Inc.",HCA,488.27,114252005376,1240022,0.067,0.445,6784000000.0,,,0.965,6072124928.0,14.710304,
"Healthpeak Properties, Inc.",DOC,17.24,11980935168,7957201,0.008,,-38936000.0,-0.00115,114.248,3.653,1072704256.0,68.96,
"Henry Schein, Inc.",HSIC,75.48,9153339392,1349157,0.052,0.077,391000000.0,0.08347999,70.224,1.396,285124992.0,14.284526,
The Hershey Company,HSY,194.75,39492403200,1695365,0.065,-0.382,1359832960.0,0.31013,125.764,1.363,1231904640.0,27.548735,
Hewlett Packard Enterprise Comp,HPE,21.52,28719153152,23934734,0.144,-0.889,-59000000.0,0.0023,97.265,1.014,-213500000.0,7.838766,
Hilton Worldwide Holdings Inc.,HLT,298.51,70207692800,1686609,0.035,0.29,1664999936.0,,,0.664,2064125056.0,32.634815,
"Hologic, Inc.",HOLX,74.93,16727741440,2856418,0.025,-0.092,543800000.0,0.108559996,48.051,4.04,848612480.0,15.193174,
"Home Depot, Inc. (The)",HD,374.59,372908654592,4530783,0.028,-0.014,14581999616.0,1.62909,544.586,1.051,9733999616.0,24.898666,
Honeywell International Inc.,HON,227.52,153318834176,4276300,-0.033,-0.764,4834999808.0,0.28195998,223.964,1.316,3487875072.0,19.844868,
Hormel Foods Corporation,HRL,24.61,13538140160,4987226,0.015,,478196992.0,0.06002,38.22,2.466,288031264.0,15.81335,
"Host Hotels & Resorts, Inc.",HST,18.53,12907561984,8267686,0.009,0.966,738000000.0,0.109239995,82.827,1.021,1140625024.0,20.37809,
Howmet Aerospace Inc.,HWM,208.08,83752198144,2298695,0.138,0.173,1448000000.0,0.30064,65.176,2.353,910000000.0,46.72144,
HP Inc.,HPQ,19.44,18170603520,14534834,0.042,-0.114,2528999936.0,,,0.767,2394500096.0,6.0554523,
Hubbell Inc,HUBB,487.94,25931450368,484877,0.041,0.141,858400000.0,0.24991,58.21,1.358,513700000.0,24.64504,
Humana Inc.,HUM,195.2,23477303296,1718586,0.111,-0.593,1291000064.0,0.07159,69.686,2.024,1578249984.0,16.216747,
Huntington Bancshares Incorpora,HBAN,17.48,27527559168,30011285,0.111,-0.117,2087000064.0,0.10095,,,,9.067425,
"Huntington Ingalls Industries, ",HII,420.51,16501414912,511654,0.161,0.439,569000000.0,0.12387,58.708,1.139,505750016.0,23.823269,
International Business Machines,IBM,306.7,286683299840,4221462,0.122,0.9,10570999808.0,0.35158002,197.328,0.956,12770750464.0,22.89445,
IDEX Corporation,IEX,198.55,14948291584,636340,0.101,0.083,478100000.0,0.12197,48.121,2.934,562675008.0,23.900925,
"IDEXX Laboratories, Inc.",IDXX,670.46,53639950336,556293,0.133,0.214,1027425024.0,0.64633006,71.29,1.18,675227520.0,46.11253,
Illinois Tool Works Inc.,ITW,261.26,76157296640,1194216,0.023,-0.281,3025999872.0,0.91683,278.654,1.53,2440999936.0,23.197708,
Incyte Corporation,INCY,100.07,19646013440,2161296,0.2,2.907,1188583040.0,0.30389,0.887,3.195,531249760.0,12.702495,
Ingersoll Rand Inc.,IR,86.09,34216685568,2862813,0.051,0.13,545100032.0,0.05382,47.62,2.162,1151687552.0,24.194136,
Insulet Corporation,PODD,255.81,18007113728,790924,0.299,0.148,246200000.0,0.19679001,77.711,2.871,215337504.0,41.388985,
Intel Corporation,INTC,46.47,232125956096,99290155,-0.041,,-267000000.0,0.00022,37.282,2.017,-4504500224.0,46.742508,
"Interactive Brokers Group, Inc.",IBKR,74.88,127291318272,4334906,0.186,0.268,984000000.0,0.23507999,120.995,1.109,,27.366121,
Intercontinental Exchange Inc.,ICE,173.78,99475685376,3250008,0.026,0.246,3161999872.0,0.114930004,67.954,1.012,3630374912.0,23.156557,
International Flavors & Fragran,IFF,69.81,17891401728,2143613,-0.079,-0.31,-472000000.0,-0.03232,46.872,1.444,3429343744.0,15.606417,
International Paper Company,IP,40.32,21290504192,5617278,0.311,,-2838000128.0,-0.24678,69.583,1.279,-156375008.0,13.502652,
Intuit Inc.,INTU,498.92,138899324928,2151283,0.41,-0.185,4118000128.0,0.21987,,1.386,5059874816.0,18.864464,
"Intuitive Surgical, Inc.",ISRG,504.22,180751024128,1848681,0.188,0.171,2856000000.0,0.16690001,,6.463,,44.090977,
Invesco Ltd,IVZ,27.29,12146585600,5230762,0.062,,-726300032.0,-0.01219,14.034,,,8.987972,
Invitation Homes Inc.,INVH,26.73,16386040832,5881886,0.065,0.467,585596992.0,0.06,85.691,1.544,1083813760.0,35.45657,
"IQVIA Holdings, Inc.",IQV,230.15,39194542080,1327013,0.052,0.245,1283000064.0,0.19374001,242.366,0.703,2455624960.0,17.75646,
Iron Mountain Incorporated (Del,IRM,92.13,27232659456,2208000,0.126,,159252992.0,,,0.659,-1208413568.0,40.659695,
"J.B. Hunt Transport Services, I",JBHT,202.72,19302662144,1153224,-0.016,0.24,598281984.0,0.15787,49.755,0.829,,22.922428,
Jabil Inc.,JBL,237.19,25337337856,1212811,0.187,0.534,703000000.0,0.47823003,255.828,0.989,1184875008.0,17.58886,
"Jack Henry & Associates, Inc.",JKHY,179.21,13022330880,793985,0.073,0.209,480543008.0,0.2345,3.17,1.494,303682112.0,26.10275,
Jacobs Solutions Inc.,J,135.26,16062010368,971121,,-0.634,314214016.0,0.06523,58.069,1.301,811144768.0,16.96684,
Johnson & Johnson,JNJ,227.25,547512320000,8884967,0.091,0.486,26804000768.0,0.35557,57.766,,,18.118628,
Johnson Controls International ,JCI,119.26,72995012608,5519403,0.031,1.813,1720999936.0,0.11374,86.383,0.929,2325625088.0,22.196165,
JP Morgan Chase & Co.,JPM,305.89,832712867840,9923055,0.025,-0.037,55680999424.0,0.16134001,,,,13.254018,
Kenvue Inc.,KVUE,17.4,33338128384,44336903,-0.035,0.038,1432999936.0,0.13469,85.659,0.98,1753374976.0,15.7797365,
Keurig Dr Pepper Inc.,KDP,27.44,37279522816,13667336,0.107,0.083,1582000000.0,0.06291,73.567,0.625,1392375040.0,12.64219,
KeyCorp,KEY,21.52,23723671552,16598316,1.315,,1684999936.0,0.09482,,,,10.117489,
Keysight Technologies Inc.,KEYS,216.33,37169197056,1184313,0.103,,869000000.0,0.1582,47.237,2.35,1251250048.0,23.319866,
Kimberly-Clark Corporation,KMB,99.99,33185992704,6953150,-0.172,0.123,1620999936.0,1.26603,441.104,0.745,1126499968.0,12.998848,
Kimco Realty Corporation (HC),KIM,21.08,14275273728,5013778,0.056,0.002,561379968.0,0.056700002,78.195,1.587,845290112.0,27.294739,
"Kinder Morgan, Inc.",KMI,30.49,67832942592,13765793,0.131,0.5,3056000000.0,0.09826,98.626,0.637,,20.854137,
KKR & Co. Inc.,KKR,114.26,105795846144,4388819,0.132,0.406,2271944960.0,0.07672,74.351,1.703,,16.93255,
KLA Corporation,KLAC,1427.94,188037595136,1043767,0.072,0.409,4557986816.0,1.00726,107.692,2.828,3314666240.0,31.304409,
The Kraft Heinz Company,KHC,23.74,28099983360,15278954,-0.023,,-4366000128.0,-0.09693,50.968,1.127,2780375040.0,9.524422,
Kroger Company (The),KR,62.85,41649324032,6577421,0.007,,781000000.0,0.07997,357.991,0.878,2561125120.0,11.857797,
"L3Harris Technologies, Inc.",LHX,342.85,64145453056,1339924,0.023,-0.329,1606000000.0,0.08191,53.186,1.189,3396624896.0,24.194101,
Labcorp Holdings Inc.,LH,271.52,22563311616,806680,0.086,0.56,855200000.0,0.10135999,75.557,1.551,1123149952.0,15.498521,
Lam Research Corporation,LRCX,233.46,293232771072,11783842,0.221,0.37,6213408768.0,0.65565,44.195,2.256,4816949760.0,34.55902,
"Lamb Weston Holdings, Inc.",LW,45.93,6400459264,2581329,0.011,,392300000.0,0.23164,224.846,1.433,614587520.0,15.152065,
Las Vegas Sands Corp.,LVS,52.73,36196700160,5866542,0.26,0.294,1627000064.0,0.74239,847.509,,,13.996352,
"Leidos Holdings, Inc.",LDOS,188.28,24155822080,860245,0.067,0.052,1404999936.0,0.2929,105.551,1.624,751374976.0,15.323762,
Lennar Corporation,LEN,109.35,27006271488,5837268,-0.058,-0.526,2058082944.0,0.08406,27.728,5.823,12156003328.0,12.402853,
"Lennox International, Inc.",LII,495.08,17363832832,449596,-0.112,-0.263,805800000.0,0.80047995,152.24,1.597,174112496.0,18.8014,
Eli Lilly and Company,LLY,1037.15,929760149504,3475983,0.539,4.804,18412099584.0,0.9647,178.516,1.546,1397924992.0,31.224928,
Linde plc,LIN,456.97,214277586944,2796057,0.031,0.27,7093000192.0,0.17979999,64.673,0.823,3498374912.0,25.619347,
"Live Nation Entertainment, Inc.",LYV,145.45,33774833664,3038750,0.111,-0.561,322208000.0,0.5636,473.811,0.921,2466385152.0,79.27338,
Lockheed Martin Corporation,LMT,634.22,146757107712,1626501,0.091,1.61,5016999936.0,0.76865,338.804,1.087,5281625088.0,19.947336,
Loews Corporation,L,105.57,21898004480,782965,0.046,0.334,1452000000.0,0.08182,49.123,0.493,2510125056.0,36.403446,
"Lowe's Companies, Inc.",LOW,267.06,149807710208,3073693,0.032,-0.037,6760999936.0,,,1.04,4762250240.0,20.560776,
lululemon athletica inc.,LULU,174.5,20693809152,4008626,0.071,-0.097,1740715008.0,0.41017,39.156,2.13,884945152.0,13.739444,
LyondellBasell Industries NV,LYB,49.0,15771774976,5820926,-0.102,,-1304999936.0,-0.10584,124.319,1.57,848249984.0,11.283822,
M&T Bank Corporation,MTB,221.57,34624589824,1019331,0.047,0.21,2699000064.0,0.09797,,,,10.579114,
Marathon Petroleum Corporation,MPC,176.19,53565341696,2266216,-0.008,1.412,2879000064.0,0.18887,143.175,1.315,1757750016.0,13.505248,
Marriott International,MAR,315.3,85590646784,1584565,0.056,0.29,2611000064.0,,,0.467,1176875008.0,27.575554,
Marsh,MRSH,188.19,92196110336,2708711,0.087,0.057,4160000000.0,0.29352,140.052,1.102,4415625216.0,16.666769,
"Martin Marietta Materials, Inc.",MLM,651.95,39317241856,418431,0.124,0.157,1184000000.0,0.12523,60.618,2.966,-444750016.0,29.678015,
Masco Corporation,MAS,66.09,13836841984,2443195,-0.033,0.169,827000000.0,5.6387095,1888.69,1.878,648000000.0,15.769166,
Mastercard Incorporated,MA,538.79,481375289344,3202301,0.176,0.242,14968000512.0,2.09915,245.288,1.035,16265374720.0,23.917923,
"Match Group, Inc.",MTCH,31.15,7495379456,3626568,0.021,0.233,562092992.0,,,1.41,872391488.0,8.213579,
"McCormick & Company, Incorporat",MKC,61.83,16597536768,3221585,0.029,0.064,789400000.0,0.14243001,73.211,0.698,564524992.0,18.589674,
McDonald's Corporation,MCD,315.0,224785383424,3255454,0.03,0.016,8415000064.0,,,1.0,4394500096.0,23.765173,
McKesson Corporation,MCK,831.21,103389552640,700221,0.101,3.77,4032999936.0,,,0.88,6109749760.0,18.980604,
Medtronic plc.,MDT,102.96,132058144768,7261695,0.066,0.081,4764000256.0,0.09822,59.563,2.415,3947000064.0,16.81751,
"Merck & Company, Inc.",MRK,110.27,275430572032,13971768,0.037,0.87,19033999360.0,0.39485002,79.708,1.661,14527875072.0,19.472183,
"Meta Platforms, Inc.",META,716.5,1812426522624,18298054,0.238,0.107,60458000384.0,0.30238,39.164,2.599,23432374272.0,20.584763,
"MetLife, Inc.",MET,78.88,52457250816,3607054,-0.059,-0.326,3633999872.0,0.12798001,163.999,1.891,-10518124544.0,8.009642,
"Mettler-Toledo International, I",MTD,1373.24,28287424512,138875,0.079,0.061,835729024.0,,,1.075,740551360.0,30.0054,
MGM Resorts International,MGM,33.54,9173405696,4366701,0.016,,67177000.0,0.10293,913.283,1.235,726777856.0,15.509325,
Microchip Technology Incorporat,MCHP,75.92,41030725632,9055219,-0.02,-0.816,-242900000.0,-0.02854,80.841,2.252,1032800000.0,28.813784,
"Micron Technology, Inc.",MU,414.88,466951274496,30589808,0.567,1.754,11909000192.0,0.22554001,21.244,2.46,444249984.0,9.528057,
Microsoft Corporation,MSFT,430.29,3195174125568,27213203,0.167,0.598,119262003200.0,0.34390998,31.539,1.386,53640626176.0,22.775658,
Mid-America Apartment Communiti,MAA,134.3,16120217600,998726,0.006,-0.139,552176000.0,0.09408,87.122,0.04,920064512.0,40.209583,
"Moderna, Inc.",MRNA,44.07,17219631104,11803831,-0.454,,-3116000000.0,-0.29317,7.867,3.925,-1984375040.0,-6.44044,
Molina Healthcare Inc,MOH,179.59,9733777408,1586547,0.116,-0.734,883000000.0,0.19708,91.911,1.678,-186375008.0,13.101682,
Molson Coors Beverage Company,TAP,48.04,9500189696,3398270,-0.023,,-2090099968.0,-0.17295,61.017,0.604,718812480.0,8.701796,
"Mondelez International, Inc.",MDLZ,58.47,75656994816,10846004,0.059,-0.095,3531000064.0,0.13101,83.621,0.611,1953750016.0,18.638708,
"Monolithic Power Systems, Inc.",MPWR,1124.15,53854654464,671350,0.189,0.258,1895154048.0,0.64029,0.528,4.771,490344384.0,53.89774,
Monster Beverage Corporation,MNST,80.76,78904229888,5555885,0.168,0.395,1726952960.0,0.25538,0.779,3.185,1592852480.0,35.557358,
Moody's Corporation,MCO,515.56,92470140928,749626,0.107,0.229,2244000000.0,0.54914004,181.347,1.84,2067750016.0,31.291557,
Morgan Stanley,MS,182.8,290525741056,5923600,0.11,0.207,16248999936.0,0.15729,420.553,,,14.859348,
Mosaic Company (The),MOS,27.5,8728716288,7505985,0.228,2.395,1229200000.0,0.101169996,37.134,1.141,192387504.0,10.915037,
"Motorola Solutions, Inc.",MSI,402.54,67064729600,1458242,0.078,0.012,2116000000.0,1.1517,423.891,1.027,1947500032.0,24.666546,
MSCI Inc.,MSCI,609.22,45776506880,579385,0.106,-0.024,1202305024.0,,,0.899,1214280704.0,27.702822,
"Nasdaq, Inc.",NDAQ,96.89,55595024384,3262737,0.025,0.475,1788000000.0,0.15253,77.387,1.005,,22.23436,
"NetApp, Inc.",NTAP,96.35,19233230848,2198047,0.028,0.063,1176999936.0,1.25346,277.789,1.341,1278499968.0,11.290199,
"Netflix, Inc.",NFLX,83.49,354155364352,45829631,0.176,0.327,10981200896.0,0.42762002,63.782,1.186,24817524736.0,21.858252,
Newmont Corporation,NEM,112.35,123410817024,9445388,0.2,1.081,7186999808.0,0.22875999,16.914,2.039,9337749504.0,13.372532,
News Corporation,NWSA,27.03,15738554368,3661609,0.023,-0.052,474000000.0,0.070250005,31.439,1.763,671124992.0,22.751759,
News Corporation,NWS,31.1,17276694528,936981,0.023,-0.052,474000000.0,0.070250005,31.439,1.763,671124992.0,26.17757,
"NextEra Energy, Inc.",NEE,87.9,183061397504,9615719,0.207,0.258,6834999808.0,0.083739996,143.833,0.595,-14304124928.0,20.057594,
"Nike, Inc.",NKE,61.81,91502493696,18324027,0.006,-0.321,2524000000.0,0.17950001,80.099,2.063,2576624896.0,26.723219,
NiSource Inc,NI,44.29,20959469568,3521888,0.183,0.057,893500032.0,0.09073,140.579,0.523,-857825024.0,21.648703,
Nordson Corporation,NDSN,274.53,15325230080,433336,0.01,0.267,484473984.0,0.16215,68.747,1.639,548284864.0,22.838104,
Norfolk Southern Corporation,NSC,291.24,65360281600,1247926,-0.017,-0.113,2872999936.0,0.19248,109.905,0.847,1459500032.0,21.27714,
Northern Trust Corporation,NTRS,149.43,28259807232,984913,0.082,0.073,1679200000.0,0.13492,,,,13.547622,
Northrop Grumman Corporation,NOC,692.26,98246656000,844331,0.096,0.152,4182000128.0,0.26167,107.257,1.101,2899875072.0,22.70996,
Norwegian Cruise Line Holdings ,NCLH,21.96,9997454336,18197300,0.047,-0.096,663528000.0,0.39870998,699.717,0.195,-1316698496.0,8.347398,
"NRG Energy, Inc.",NRG,152.63,29523343360,1923954,0.057,,1374000000.0,0.64186996,615.076,1.053,1836625024.0,15.712794,
Nucor Corporation,NUE,177.72,40672759808,1585722,0.086,0.347,1744000000.0,0.09361,32.187,2.938,-808000000.0,12.993517,
NVIDIA Corporation,NVDA,191.13,4653442400256,181664229,0.625,0.667,99198001152.0,1.07359,9.102,4.468,53282873344.0,24.93913,
"NVR, Inc.",NVR,7635.73,20866435072,24808,-0.05,-0.131,1339815936.0,0.33185002,27.243,6.21,,15.846538,
NXP Semiconductors N.V.,NXPI,226.14,57013194752,2792945,-0.024,-0.111,2060999936.0,0.20872,117.34,2.375,1663374976.0,16.384914,
"O'Reilly Automotive, Inc.",ORLY,98.41,83258040320,5548806,0.078,0.126,2484105984.0,,,0.757,1004949888.0,29.776098,
Occidental Petroleum Corporatio,OXY,45.39,44718702592,10046991,-0.077,-0.334,1460000000.0,0.05955,62.221,0.935,3033125120.0,38.055233,
"Old Dominion Freight Line, Inc.",ODFL,173.2,36401123328,2156485,-0.043,-0.105,1057377024.0,0.25059,1.994,1.204,742697600.0,34.15803,
Omnicom Group Inc.,OMC,77.04,24447811584,4569493,0.04,-0.103,1334599936.0,0.27007,128.056,0.924,1739887488.0,7.729756,
ON Semiconductor Corporation,ON,59.89,24493451264,9110198,-0.12,-0.326,319100000.0,0.03891,45.833,5.231,1275187456.0,20.453398,
"ONEOK, Inc.",OKE,79.19,49870376960,4288472,0.719,0.262,3339000064.0,0.17847,152.218,0.904,1428625024.0,13.535502,
Oracle Corporation,ORCL,164.58,472859738112,26359754,0.142,0.909,15425000448.0,0.69026,432.511,0.909,-10208000000.0,20.744629,
Otis Worldwide Corporation,OTIS,85.42,33525233664,2781875,0.033,0.133,1384000000.0,,,0.849,1598749952.0,17.757212,
PACCAR Inc.,PCAR,122.91,64576917504,3259393,-0.137,-0.359,2375800064.0,0.12922,89.189,1.701,13126362112.0,18.35993,
Packaging Corporation of Americ,PKG,222.55,20024778752,884596,0.101,-0.539,774099968.0,0.16903,91.618,,,18.12695,
Palantir Technologies Inc.,PLTR,146.59,349387915264,45000642,0.628,2.0,1095366016.0,0.19504,3.52,6.427,1180160000.0,144.7102,
"Palo Alto Networks, Inc.",PANW,176.97,123348090880,6080962,0.157,-0.041,1116899968.0,0.15324001,4.951,0.985,3034449920.0,40.798214,
Paramount Skydance Corporation,PSKY,11.21,12366502912,8886675,-0.004,,-272000000.0,0.01279,111.017,1.336,15016500224.0,10.919327,
Parker-Hannifin Corporation,PH,935.84,118118481920,676981,0.091,-0.09,3536999936.0,0.25781,68.925,1.182,2473325056.0,27.68149,
"Paychex, Inc.",PAYX,103.13,37020311552,3325939,0.183,-0.035,1595699968.0,0.40884998,129.814,1.265,2057250048.0,17.448696,
"Paycom Software, Inc.",PAYC,134.75,7580575744,882914,0.092,0.496,453200000.0,0.28557,4.943,1.223,370201504.0,13.413793,
"PayPal Holdings, Inc.",PYPL,52.69,50338889728,15405506,0.073,0.313,4917000192.0,0.24358,60.239,1.34,3125625088.0,9.188407,
Pentair plc.,PNR,105.37,17273438208,1338998,0.029,0.333,654099968.0,0.17966999,44.76,1.462,663275008.0,19.623217,
"Pepsico, Inc.",PEP,153.63,210331336704,7833978,0.027,-0.108,7223000064.0,0.37162,260.19,0.912,7137500160.0,17.956598,
"Pfizer, Inc.",PFE,26.44,150330114048,62114562,-0.059,-0.213,9797000192.0,0.105979994,66.531,1.282,14302749696.0,8.897863,
Pacific Gas & Electric Co.,PCG,15.42,33891780608,23044370,0.052,0.378,2598000128.0,0.0876,185.52,0.941,-3333750016.0,9.461864,
Philip Morris International Inc,PM,179.44,279323246592,5612816,0.094,0.131,8600999936.0,,,0.848,7741749760.0,21.54377,
Phillips 66,PSX,143.56,58016075776,2353244,-0.029,-0.61,1496999936.0,0.056199998,77.483,1.227,162437504.0,13.0086775,
Pinnacle West Capital Corporati,PNW,93.56,11198233600,1302352,0.029,0.006,594300992.0,0.087749995,197.565,0.675,-451426880.0,20.010008,
"PNC Financial Services Group, I",PNC,223.3,90283294720,2207926,0.096,0.294,6618999808.0,0.12158,,,,10.958219,
Pool Corporation,POOL,254.09,9482132480,808236,0.013,0.04,410089984.0,0.29307,100.725,2.57,293777248.0,21.933258,
"PPG Industries, Inc.",PPG,115.63,26097690624,2137709,0.05,,1571000064.0,0.21275999,99.56,,,13.280714,
PPL Corporation,PPL,36.25,26815545344,6665355,0.084,0.489,1090000000.0,0.076620005,132.089,0.774,-1277124992.0,18.604532,
Principal Financial Group Inc,PFG,94.72,21100627968,1382413,0.222,,1573500032.0,0.13767,34.137,1.557,1430724992.0,10.098426,
Procter & Gamble Company (The),PG,151.77,354646032384,10700495,0.015,-0.054,16161999872.0,0.31562,68.719,0.724,13253374976.0,20.738283,
Progressive Corporation (The),PGR,208.0,121929596928,3458449,0.122,0.252,11308000256.0,0.40448,22.745,0.344,,12.843272,
"Prologis, Inc.",PLD,130.56,121272877056,3553203,0.04,0.063,3322349056.0,0.06127,60.666,0.175,,39.597713,
"Prudential Financial, Inc.",PRU,111.11,39104380928,1722183,-0.083,2.234,2584000000.0,0.085,148.723,0.841,-9646874624.0,7.439417,
Public Service Enterprise Group,PEG,82.36,41110323200,2961140,0.221,0.192,2082000000.0,0.12579,138.209,0.934,-380875008.0,18.731167,
PTC Inc.,PTC,156.13,18649458688,924567,0.427,1.748,733996992.0,0.2085,35.802,1.118,823153024.0,18.021212,
Public Storage,PSA,276.19,48461127680,1133562,0.031,0.213,1693004032.0,0.19933,106.758,0.269,2303450112.0,27.392628,
"PulteGroup, Inc.",PHM,125.09,24679952384,1814759,-0.063,-0.422,2218729984.0,0.17673999,16.66,5.99,3934417408.0,10.745262,
"Quanta Services, Inc.",PWR,474.63,70774874112,978580,0.175,0.149,1018048000.0,0.13369,71.612,1.344,708255488.0,38.185368,
QUALCOMM Incorporated,QCOM,151.59,162352889856,8969186,0.1,,5541000192.0,0.2334,73.767,2.816,6856249856.0,12.292799,
Quest Diagnostics Incorporated,DGX,187.03,20914337792,1025572,0.132,0.085,963000000.0,0.14353,86.524,1.128,1000875008.0,17.956596,
"Qnity Electronics, Inc.",Q,96.18,20146169856,2682668,0.112,0.06,805000000.0,,19.676,1.781,,30.991615,
Ralph Lauren Corporation,RL,353.41,21431015424,629711,0.165,0.437,854300032.0,0.34005,111.231,2.04,512962496.0,20.722258,
"Raymond James Financial, Inc.",RJF,165.86,32674420736,1218659,0.075,-0.024,2090000000.0,,48.456,,,12.086429,
RTX Corporation,RTX,200.93,269401309184,4880540,0.121,0.083,6732000256.0,0.109519996,58.843,1.026,7167499776.0,26.757202,
Realty Income Corporation,O,61.16,56151351296,6442249,0.103,0.152,962116992.0,0.02488,73.977,1.362,2043045248.0,38.14561,
Regency Centers Corporation,REG,72.87,13407907840,1237429,0.077,0.074,397808000.0,0.0602,73.101,0.88,606015488.0,30.157804,
"Regeneron Pharmaceuticals, Inc.",REGN,741.45,78584389632,969309,0.025,-0.026,4504900096.0,0.14864999,8.657,4.766,,14.289621,
Regions Financial Corporation,RF,28.5,24990980096,14343273,0.156,,2060999936.0,0.1165,,,,9.999825,
"Republic Services, Inc.",RSG,215.09,67154497536,1521667,0.033,-0.022,2107000064.0,0.18249,113.763,0.583,1969500032.0,29.459057,
ResMed Inc.,RMD,258.31,37704552448,1031714,0.11,0.145,1485874944.0,0.25676,13.411,3.06,1415712512.0,21.238039,
"Revvity, Inc.",RVTY,108.8,12628697088,1445672,0.022,-0.474,232495008.0,0.0304,45.676,1.753,527812640.0,20.44083,
"Robinhood Markets, Inc.",HOOD,99.48,89451315200,25107731,1.0,2.595,2193999872.0,0.27816,188.794,1.108,,38.15251,
"Rockwell Automation, Inc.",ROK,421.65,47407452160,872895,0.138,-0.412,867000000.0,0.20282,98.275,1.135,1287250048.0,30.916792,
"Rollins, Inc.",ROL,63.34,30476077056,2621950,0.12,0.205,515939008.0,0.36208,59.534,0.773,605310528.0,49.493656,
"Roper Technologies, Inc.",ROP,371.23,39958245376,1179926,0.097,-0.074,1536300032.0,0.07929,46.782,0.518,2166899968.0,15.895159,
"Ross Stores, Inc.",ROST,188.65,61353934848,2654639,0.104,0.068,2085963008.0,0.37425,88.181,1.52,1508112000.0,26.348501,
Royal Caribbean Cruises Ltd.,RCL,324.65,88536260608,2401890,0.132,0.37,4268000000.0,0.47731,215.081,0.183,-198624992.0,15.842497,
S&P Global Inc.,SPGI,527.79,161134280704,1517119,0.088,0.241,4216999936.0,0.119940005,31.784,0.974,4847499776.0,26.460983,
"Salesforce, Inc.",CRM,212.29,202100080640,8283208,0.086,0.386,7222000128.0,0.12184,19.385,0.984,14523750400.0,16.186956,
Sandisk Corporation,SNDK,576.25,85285003264,13957636,0.612,4.688,-1041000000.0,-0.09372,5.904,3.114,1274249984.0,9.075827,
SBA Communications Corporation,SBAC,184.11,19619313664,811695,0.097,-0.083,856972032.0,,,0.504,205137504.0,21.40117,
SLB Limited,SLB,48.38,72344133632,17022488,0.05,-0.286,3374000128.0,0.13904001,45.975,1.326,2449250048.0,14.507051,
Seagate Technology Holdings PLC,STX,407.69,88824258560,4256531,0.215,0.677,1970000000.0,,980.174,1.119,1095500032.0,21.252838,
DBA Sempra,SRE,87.01,56789823488,3903455,0.135,-0.882,2108999936.0,0.0677,81.287,1.587,-23343874048.0,16.84471,
"ServiceNow, Inc.",NOW,117.01,123462279168,11157500,0.207,0.034,1748000000.0,0.15488,18.536,1.003,4951625216.0,23.37708,
Sherwin-Williams Company (The),SHW,354.64,88423571456,1815240,0.056,0.016,2568499968.0,0.59391,281.465,0.868,,26.004444,
"Simon Property Group, Inc.",SPG,191.31,72163475456,1439167,0.082,0.274,2243237120.0,0.82455003,884.863,0.592,2034491136.0,27.796585,
"Skyworks Solutions, Inc.",SWKS,55.76,8360110080,3390750,0.073,1.545,477100000.0,0.0789,20.898,2.325,1055275008.0,11.013624,
The J.M. Smucker Company,SJM,104.86,11187966976,1604781,0.026,,-1193799936.0,-0.17438,131.357,0.885,322062496.0,10.604902,
Smurfit WestRock plc,SW,41.63,21738616832,5235768,0.043,,748000000.0,0.04099,76.445,1.482,1226499968.0,13.866961,
Snap-On Incorporated,SNA,366.11,19097530368,282737,0.036,0.068,1014300032.0,0.18330999,22.27,4.399,699225024.0,17.853214,
Solventum Corporation,SOLV,76.97,13350258688,1092047,0.007,9.314,1524000000.0,0.37271,103.028,1.5,587750016.0,12.133451,
Southern Company (The),SO,89.31,98339676160,5926109,0.075,0.108,4458999808.0,0.11429,192.679,0.755,-2364624896.0,19.58647,
Southwest Airlines Company,LUV,47.52,24956919808,9619537,0.074,0.47,441000000.0,0.04812,74.94,0.517,-775374976.0,10.671601,
"Stanley Black & Decker, Inc.",SWK,78.66,12183251968,1678644,0.001,-0.434,438600000.0,0.04918,78.538,1.109,493750016.0,13.99079,
Starbucks Corporation,SBUX,91.95,104758632448,10372206,0.055,-0.625,1368899968.0,,,1.047,-1439387520.0,31.14679,
State Street Corporation,STT,130.86,36550828032,2004624,0.076,-0.012,2716999936.0,0.11078,,,,10.07616,
"Steel Dynamics, Inc.",STLD,179.57,26433529856,1261440,0.14,0.35,1185595008.0,0.13284001,47.155,3.055,-85246624.0,11.534255,
STERIS plc (Ireland),STE,262.6,25863634944,616572,0.099,0.286,689324032.0,0.101339996,29.314,2.37,968027264.0,23.584482,
Stryker Corporation,SYK,369.56,141328482304,1794937,0.114,0.559,3246000128.0,0.15079,66.276,1.893,5600750080.0,22.090992,
"Super Micro Computer, Inc.",SMCI,29.11,17377830912,27359870,-0.155,-0.616,792812032.0,0.12787,79.184,5.394,-1515875.0,9.792379,
Synchrony Financial,SYF,72.63,26159226880,3910000,0.05,0.076,3468999936.0,0.21304001,,,,6.96561,
"Synopsys, Inc.",SNPS,465.115,88984969216,2100547,0.378,-0.665,1336120064.0,0.0716,50.459,1.615,2170938624.0,27.54363,
Sysco Corporation,SYY,83.85,40158334976,3430683,0.03,-0.012,1798000000.0,0.82345,640.248,1.295,1752999936.0,16.44856,
"T-Mobile US, Inc.",TMUS,197.21,221943889920,5416068,0.089,-0.077,11870000128.0,0.19034,200.622,0.893,7874874880.0,16.110533,
"T. Rowe Price Group, Inc.",TROW,105.68,23219507200,1739900,0.06,0.087,2030599936.0,0.1867,4.09,3.81,923412480.0,10.259447,
"Take-Two Interactive Software, ",TTWO,220.3,40706777088,1670924,0.311,,-3997199872.0,-0.86609,102.325,1.154,1480199936.0,27.789587,
"Tapestry, Inc.",TPR,126.91,26271070208,2885239,0.131,0.62,271400000.0,0.16053,1051.139,1.525,867637504.0,20.057974,
"Targa Resources, Inc.",TRGP,200.98,43249258496,1489237,0.078,0.257,1615299968.0,0.4985,615.121,0.773,-48325000.0,20.44418,
Target Corporation,TGT,105.47,47925477376,7091719,-0.016,-0.184,3763000064.0,0.25094998,132.062,0.975,2597125120.0,13.75801,
TE Connectivity plc,TEL,222.78,65393836032,2018265,0.217,0.444,2066000000.0,0.16097,45.691,1.651,1985624960.0,18.035755,
Teledyne Technologies Incorpora,TDY,620.3,29123696640,381693,0.073,0.391,894800000.0,0.08926,23.544,1.643,717287488.0,24.112713,
"Teradyne, Inc.",TER,241.05,38344675328,3040100,0.043,-0.157,443080000.0,0.15767999,9.89,1.759,322310016.0,45.775215,
"Tesla, Inc.",TSLA,430.41,1615084257280,74413947,-0.031,-0.606,3793999872.0,0.049250003,17.763,2.164,3732624896.0,146.76537,
Texas Instruments Incorporated,TXN,215.55,195853697024,7522701,0.104,-0.031,5000999936.0,0.30148,86.327,4.353,-172875008.0,27.498533,
Texas Pacific Land Corporation,TPL,348.36,24015321088,409650,0.17,0.138,476390016.0,0.3937,1.292,10.857,92442376.0,4.7642226,
Textron Inc.,TXT,88.06,15692758016,1544149,0.156,0.743,923000000.0,0.12242,49.854,1.818,1463124992.0,11.915103,
Thermo Fisher Scientific Inc,TMO,578.61,217388433408,1939393,0.072,0.09,6704000000.0,0.13024001,73.566,1.89,4364624896.0,21.445433,
"TJX Companies, Inc. (The)",TJX,149.81,166729351168,5459932,0.075,0.123,5119000064.0,0.58396,140.977,1.094,3411375104.0,29.010063,
"TKO Group Holdings, Inc.",TKO,202.58,16639291392,1146963,-0.273,0.65,228783008.0,0.08129,42.785,1.456,542332032.0,52.854313,
"The Trade Desk, Inc.",TTD,30.33,14829637632,13258844,0.177,0.211,438583008.0,0.16783,14.456,1.71,543604096.0,14.543972,
Tractor Supply Company,TSCO,50.88,26885175296,6596790,0.033,-0.022,1096087040.0,0.45183998,230.228,1.342,515100128.0,21.182964,
Trane Technologies plc,TT,420.58,93585506304,1512895,0.056,-0.003,2955599872.0,0.36956,53.658,1.251,2115487488.0,25.070202,
Transdigm Group Incorporated,TDG,1427.54,80587972608,322083,0.115,0.34,1866000000.0,,,3.214,-2922125056.0,30.98061,
"The Travelers Companies, Inc.",TRV,284.51,63463776256,1507963,0.035,0.234,6241999872.0,0.20698999,28.172,0.37,10356500480.0,10.064133,
Trimble Inc.,TRMB,67.6,16086710272,1521952,0.029,1.875,357600000.0,0.06131,24.038,1.004,567412480.0,19.556055,
Truist Financial Corporation,TFC,51.42,65778843648,8585242,0.032,0.108,4974000128.0,0.08236,,,,10.114322,
"Tyler Technologies, Inc.",TYL,369.4,15980912640,398863,0.097,0.109,315292992.0,0.091680005,17.86,1.028,474560640.0,29.401464,
"Tyson Foods, Inc.",TSN,65.33,23065204736,3167449,0.022,-0.87,474000000.0,0.0276,53.19,1.552,1187500032.0,14.820444,
U.S. Bancorp,USB,56.11,87251050496,9351006,0.053,0.243,7193999872.0,0.12184,,,,10.19596,
"Uber Technologies, Inc.",UBER,80.05,166937772032,19722427,0.204,1.585,16640000000.0,0.72994006,45.755,1.154,6787375104.0,20.70305,
"UDR, Inc.",UDR,37.15,13986569216,3449275,0.066,0.976,144932992.0,0.03649,144.858,0.159,912611904.0,67.545456,
"Ulta Beauty, Inc.",ULTA,647.36,29026562048,664527,0.129,0.0,1190072064.0,0.47967,97.784,1.328,975341888.0,22.731342,
Union Pacific Corporation,UNP,235.1,139452137472,3131850,-0.006,0.068,7137999872.0,0.40377,177.733,0.908,3446625024.0,17.375135,
"United Airlines Holdings, Inc.",UAL,102.32,33124870144,5251516,0.048,0.083,3352999936.0,0.23987,203.089,0.645,916124992.0,6.6953096,
"United Parcel Service, Inc.",UPS,106.22,90115522560,6146465,-0.032,0.047,5571999744.0,0.33772,175.884,1.219,4733875200.0,13.329385,
"United Rentals, Inc.",URI,782.06,49762594816,668831,0.028,-0.019,2494000128.0,0.28357,174.732,0.945,1930249984.0,14.757874,
UnitedHealth Group Incorporated,UNH,286.93,259912253440,8588345,0.123,-0.998,12056000512.0,0.12538,77.08,0.788,15929249792.0,14.269948,
"Universal Health Services, Inc.",UHS,201.26,12807922688,705298,0.134,0.542,1375251968.0,0.20028,70.037,1.031,839419520.0,8.6058855,
Valero Energy Corporation,VLO,181.43,56361541632,3156265,0.039,3.196,2348000000.0,0.082779996,39.561,,,14.441809,
"Ventas, Inc.",VTR,77.67,36484149248,2991883,0.218,2.016,238014000.0,0.021559998,100.11,0.524,1068934720.0,137.46902,
Veralto Corp,VLTO,98.98,24576471040,1638200,0.068,0.08,913000000.0,0.37978,100.772,1.568,856750016.0,23.679314,
"VeriSign, Inc.",VRSN,244.23,22813179904,785463,0.073,0.097,811000000.0,,,0.527,794837504.0,25.219845,
"Verisk Analytics, Inc.",VRSK,217.46,30382419968,1338001,0.059,0.045,914700032.0,2.68133,1295.046,1.193,901662528.0,28.219898,
Verizon Communications Inc.,VZ,44.52,187740831744,28056552,0.02,-0.534,17173999616.0,0.17069,171.781,0.913,14933125120.0,8.928429,
Vertex Pharmaceuticals Incorpor,VRTX,469.9,120477966336,1430286,0.11,0.047,3675099904.0,0.22307,10.594,2.362,2913550080.0,23.310879,
Viatris Inc.,VTRS,13.09,15111975936,8785406,0.002,,-3691300096.0,-0.21087,97.03,1.351,2727024896.0,5.2768,
VICI Properties Inc.,VICI,28.08,30012223488,12308531,0.044,0.014,2785319936.0,0.10357001,62.925,37.05,1279214592.0,9.835377,
Visa Inc.,V,321.83,620500942848,7051963,0.146,0.175,20586999808.0,0.53954,54.612,1.111,22032250880.0,22.21006,
Vistra Corp.,VST,158.35,53653020672,4909196,-0.209,-0.667,960000000.0,0.1731,335.784,0.995,1847000064.0,16.83432,
Vulcan Materials Company (Holdi,VMC,300.54,39710621696,1004190,0.144,0.808,1125200000.0,0.13520999,56.296,2.231,931337472.0,30.656525,
W.R. Berkley Corporation,WRB,68.58,26061852672,2956573,0.015,-0.217,1779403008.0,0.19600001,31.481,,,14.135659,
"W.W. Grainger, Inc.",GWW,1079.94,51655950336,270139,0.061,-0.38,1730000000.0,0.46719003,68.67,2.717,1084375040.0,24.631441,
Westinghouse Air Brake Technolo,WAB,230.14,39344087040,786272,0.084,0.11,1176000000.0,0.11147001,51.131,1.424,1084999936.0,22.52238,
Walmart Inc.,WMT,119.14,949885468672,28580332,0.058,0.352,22909999104.0,0.23661,66.747,0.803,10372750336.0,40.115696,
Walt Disney Company (The),DIS,112.8,201380593664,11132257,-0.005,1.873,12403999744.0,0.12203,39.632,0.71,6932624896.0,15.378784,
"Warner Bros. Discovery, Inc. - ",WBD,27.54,68285067264,43313250,-0.06,,489000000.0,0.00969,89.857,1.074,17235124224.0,-141.49927,
"Waste Management, Inc.",WM,222.24,89533169664,2075568,0.071,0.235,2708000000.0,0.29696,229.276,0.889,1738000000.0,23.497694,
Waters Corporation,WAT,370.72,22075516928,559572,0.08,-0.077,648812992.0,0.32987,66.042,1.534,450262752.0,25.889334,
"WEC Energy Group, Inc.",WEC,110.67,36000313344,2117839,0.129,0.093,1694400000.0,0.12807,151.448,0.498,-1424775040.0,19.800367,
Wells Fargo & Company,WFC,90.49,284055764992,14905719,0.05,0.13,20284999680.0,0.11732,,,,11.489918,
Welltower Inc.,WELL,188.36,129276755968,3386319,0.306,-0.437,960374976.0,0.0275,46.211,6.991,-2739590656.0,86.40366,
"West Pharmaceutical Services, I",WST,231.12,16627560448,788785,0.077,0.038,491700000.0,0.16945,9.93,2.87,251187504.0,29.805513,
Western Digital Corporation,WDC,250.23,84837457920,8869247,,,3945999872.0,0.41126,,1.455,3757750016.0,20.507343,
Weyerhaeuser Company,WY,25.78,18583797760,7221131,-0.098,-0.09,324000000.0,0.03384,59.113,1.293,-91500000.0,37.51619,
"Williams-Sonoma, Inc.",WSM,204.65,24431261696,1192190,0.046,0.048,1131134976.0,0.56918997,70.88,1.427,930350528.0,22.380453,
"Williams Companies, Inc. (The)",WMB,67.26,82139176960,7115883,0.083,-0.085,2367000064.0,0.16902,188.338,0.422,484375008.0,30.022095,
Willis Towers Watson Public Lim,WTW,317.47,30968561664,618085,-0.0,,2116000000.0,0.27633,75.685,1.104,1958125056.0,16.435997,
"Workday, Inc.",WDAY,175.63,46893211648,3141270,0.126,0.306,642000000.0,0.073359996,42.719,1.829,2698874880.0,16.367868,
"Wynn Resorts, Limited",WYNN,107.45,11172277248,1441727,0.083,,504278016.0,,,1.757,1633731584.0,18.463785,
Xcel Energy Inc.,XEL,76.06,44992512000,5271501,0.074,-0.272,1915000064.0,0.09449001,167.891,0.795,-5284624896.0,18.48481,
Xylem Inc.,XYL,137.87,33567078400,1331622,0.078,0.045,948000000.0,0.08555,18.253,1.957,960000000.0,24.817963,
"Yum! Brands, Inc.",YUM,155.5,43175014400,2182449,0.084,0.044,1447000064.0,,,1.694,1227624960.0,23.242918,
Zebra Technologies Corporation,ZBRA,234.98,11947593728,643452,0.052,-0.254,512000000.0,0.14286,62.984,1.607,710499968.0,13.301203,
"Zimmer Biomet Holdings, Inc.",ZBH,87.07,17255667712,2295032,0.097,-0.057,805299968.0,0.06421,64.523,2.428,1169887488.0,10.288034,
Zoetis Inc.,ZTS,124.82,55318163456,5421101,0.005,0.085,2651000064.0,0.49868,135.05,3.643,2158874880.0,18.327152,
